5,3.4999999999965614e-06,1.6207999999996725e-05,1.6875000000006468e-05
6,2.2499999999953113e-06,1.8499999999997685e-05,2.3708000000004226e-05
7,2.4169999999976155e-06,2.5207999999998787e-05,3.220800000000579e-05
8,2.7080000000040405e-06,3.370899999999982e-05,4.1583000000004755e-05
9,2.9579999999973516e-06,3.4874999999996714e-05,5.262500000000059e-05
10,3.209000000004014e-06,2.8541999999999457e-05,6.445800000000335e-05
11,3.4579999999978517e-06,5.912500000000015e-05,7.770800000000272e-05
12,3.79200000000246e-06,6.629199999999558e-05,9.225000000000205e-05
13,4.000000000004e-06,5.633299999999869e-05,0.00010824999999999724
14,4.25000000000425e-06,6.283300000000519e-05,0.00012462499999999627
15,4.666000000000392e-06,0.000108208999999998,0.00014370799999999934
16,4.832999999995757e-06,0.00011816700000000235,0.00016287499999999983
17,5.041999999996771e-06,0.00012566600000000344,0.00018324999999999592
18,5.417000000000616e-06,0.0001379170000000013,0.00020504100000000303
19,5.625000000002156e-06,0.0001244999999999996,0.00022858300000000442
20,5.916000000001642e-06,0.0001569579999999987,0.00023200000000000304
21,5.708000000000102e-06,0.0001820000000000016,0.00025491600000000086
22,5.874999999995467e-06,0.0001784999999999981,0.0002792500000000017
23,6.125000000002656e-06,0.00023658399999999802,0.0003052909999999992
24,6.417000000001616e-06,0.00019637499999999863,0.000331917000000001
25,6.708000000001102e-06,0.00026866600000000074,0.00036024999999999946
26,6.917000000002116e-06,0.0002809170000000055,0.0003887919999999989
27,7.167000000002366e-06,0.0002609159999999999,0.00041941599999999885
28,7.333999999997731e-06,0.0002902500000000058,0.0004505830000000044
29,7.667000000002866e-06,0.0003602090000000002,0.000484541000000005
30,7.832999999998758e-06,0.000381125000000003,0.0005175000000000041
31,8.416000000004142e-06,0.00036999999999999533,0.0005089999999999956
32,7.832999999998758e-06,0.00034987500000000643,0.0005418749999999972
33,8.165999999996953e-06,0.00032037499999999774,0.0005870840000000016
34,8.208999999995137e-06,0.0004289580000000001,0.0006094999999999989
35,8.541000000000798e-06,0.00048545799999999417,0.0006457500000000005
36,8.582999999999508e-06,0.0003982079999999971,0.0006835420000000023
37,8.750000000001812e-06,0.0005932499999999966,0.0007205830000000038
38,9.08400000000642e-06,0.0005220000000000016,0.0007150000000000004
39,8.625000000005156e-06,0.0005617090000000005,0.0007527919999999952
40,8.957999999996413e-06,0.0005878329999999959,0.0007870420000000017
41,9.042000000000772e-06,0.0005727500000000038,0.0008262920000000062
42,9.333999999999731e-06,0.0006593749999999898,0.0008665830000000041
43,9.582999999993569e-06,0.0005914159999999974,0.0009086250000000101
44,9.707999999997163e-06,0.0005354999999999943,0.000938042
45,9.374999999992029e-06,0.0007022079999999958,0.0009551669999999929
46,9.583000000007447e-06,0.000707541000000006,0.0009635410000000122
47,9.749999999988934e-06,0.0006325419999999998,0.001005999999999993
48,1.008400000000742e-05,0.0008260419999999991,0.0010514999999999969
49,9.999999999996123e-06,0.0007672920000000027,0.0010985000000000023
50,1.0250000000003312e-05,0.0007747499999999907,0.0011436250000000092
51,1.0750000000003812e-05,0.0007130830000000032,0.0011604590000000026
52,1.0708000000012041e-05,0.0008235420000000104,0.0012311659999999919
53,1.1333000000002258e-05,0.0010238749999999935,0.0012414169999999947
54,1.1041000000003298e-05,0.0008680419999999994,0.0012937909999999886
55,1.1375000000007907e-05,0.000779708000000004,0.0013111249999999963
56,1.1541999999989394e-05,0.0010113340000000026,0.0013609170000000032
57,1.1707999999999164e-05,0.001036458000000004,0.0014062920000000034
58,1.1959000000005826e-05,0.0010288749999999985,0.00148695900000001
59,1.2208999999999137e-05,0.0009043330000000072,0.001555416000000004
60,1.2458000000006852e-05,0.0011941250000000042,0.001538792000000011
61,1.2499999999998623e-05,0.0011738750000000048,0.001586083000000002
62,1.2582999999996569e-05,0.0012601659999999931,0.001630207999999994
63,1.2917000000001178e-05,0.0011161249999999956,0.0016978340000000092
64,1.3334000000003732e-05,0.0012565419999999994,0.0017800830000000017
65,1.3208000000000664e-05,0.0013880829999999983,0.0019005829999999974
66,1.3666999999994989e-05,0.0014902499999999985,0.001852416999999995
67,1.3791000000012987e-05,0.0015188750000000029,0.0019055419999999962
68,1.3874999999996529e-05,0.001287791999999982,0.001968207999999999
69,1.425000000002119e-05,0.0015985419999999806,0.0021242079999999885
70,1.6249999999995435e-05,0.0015009170000000183,0.002125249999999995
71,1.4583000000012447e-05,0.001379915999999981,0.002177125000000002
72,1.4916000000003704e-05,0.0014685000000000115,0.0021974579999999855
73,1.4749999999980057e-05,0.0015677500000000066,0.0023317499999999936
74,1.4999999999987246e-05,0.0017529999999999768,0.0024123330000000165
75,1.4874999999997529e-05,0.0018087499999999979,0.0023831669999999916
76,1.5375000000011907e-05,0.0016235420000000056,0.002446625000000008
77,1.5125000000004718e-05,0.0018232089999999923,0.0026067919999999967
78,1.5833999999992354e-05,0.001772167000000019,0.002675790999999983
79,1.633300000000726e-05,0.0020093750000000077,0.0026379589999999953
80,1.5541999999979517e-05,0.001694791000000001,0.002760916999999974
81,1.6583000000014447e-05,0.00207658400000002,0.0028408750000000205
82,1.666699999999799e-05,0.001947458000000013,0.002851042000000026
83,1.6708000000004164e-05,0.0018912920000000166,0.0029509589999999752
84,1.6999999999989246e-05,0.002198874999999989,0.0031323750000000206
85,1.7375000000013907e-05,0.0021614590000000045,0.0030863329999999967
86,1.7334000000007732e-05,0.0024363749999999906,0.0031339579999999922
87,1.9709000000006638e-05,0.0023847090000000126,0.0033513749999999898
88,1.787500000000053e-05,0.0022492080000000025,0.0032788750000000144
89,1.8249999999997435e-05,0.0022227499999999956,0.003370708
90,1.9999999999992246e-05,0.0026362500000000066,0.0035690830000000007
91,1.866699999999999e-05,0.002624457999999996,0.003500666999999985
92,1.862499999999434e-05,0.0024964590000000064,0.0036537079999999778
93,1.9749999999985057e-05,0.0026393330000000215,0.003716124999999959
94,1.8917000000007178e-05,0.002634791999999997,0.0037362919999999744
95,1.9708999999978882e-05,0.002798749999999961,0.004060750000000002
96,1.966600000002927e-05,0.0027466660000000087,0.003914082999999957
97,1.9582999999989692e-05,0.0030408749999999984,0.004159834000000029
98,2.0375000000016907e-05,0.0029134170000000292,0.0040987080000000065
99,2.0041000000026177e-05,0.002988040999999997,0.004213334000000013
100,2.0249999999999435e-05,0.0031034580000000034,0.004308792000000006
101,2.070799999998041e-05,0.0028882920000000145,0.004390833000000038
102,2.0750000000013813e-05,0.003324084000000005,0.004547042000000001
103,2.0083999999975788e-05,0.003449415999999983,0.004534166000000006
104,2.6958000000021354e-05,0.00333570900000002,0.00476070900000003
105,2.1583000000047203e-05,0.0035703340000000083,0.004945333000000052
106,2.270799999998241e-05,0.0032123749999999895,0.00485862499999995
107,2.187500000000453e-05,0.003450999999999982,0.004931790999999963
108,2.2458000000002976e-05,0.003936875000000006,0.005007166999999979
109,2.2000000000022002e-05,0.0033760840000000014,0.005227042000000015
110,2.2666000000004516e-05,0.00380674999999997,0.00517337499999998
111,2.2000000000022002e-05,0.004007541999999975,0.005567082999999973
112,2.291700000001118e-05,0.003837708999999967,0.005416750000000026
113,2.283299999999988e-05,0.004059749999999973,0.0058190419999999965
114,2.3209000000024016e-05,0.004103874999999979,0.0057195829999999726
115,2.449999999998287e-05,0.004420374999999976,0.00565466600000003
116,2.2709000000009638e-05,0.0036022909999999797,0.006102667000000006
117,2.4083999999979788e-05,0.004370959000000008,0.0059672499999999795
118,2.3833000000028637e-05,0.004528250000000011,0.0060049169999999985
119,2.366700000000499e-05,0.004148874999999996,0.006214582999999996
120,2.4875000000035286e-05,0.004344208999999988,0.006165666000000014
121,2.4582999999966937e-05,0.004151375000000013,0.006374125000000008
122,2.4000000000024002e-05,0.004553750000000023,0.00651262500000005
123,2.5292000000010084e-05,0.00475150000000002,0.006460915999999983
124,3.283300000000988e-05,0.00481750000000003,0.00659299999999996
125,2.524999999997668e-05,0.004651665999999999,0.006832292000000018
126,2.5292000000010084e-05,0.004828625000000031,0.006734291999999975
127,2.5749999999935547e-05,0.0049751670000000026,0.006824374999999994
128,2.5000000000052758e-05,0.004821249999999999,0.00717599999999996
129,2.5374999999994152e-05,0.00525312499999997,0.007193958
130,2.6250000000005436e-05,0.004977667000000019,0.007137833000000038
131,2.8666999999926723e-05,0.005729416999999959,0.00725737500000001
132,2.579199999996895e-05,0.005434708999999982,0.007410250000000063
133,2.599999999997049e-05,0.005472582999999975,0.00769658300000009
134,2.704199999992163e-05,0.005152708000000006,0.007763917000000009
135,2.733300000001826e-05,0.005842542000000006,0.007777291999999991
136,2.7917000000043934e-05,0.005662500000000015,0.007821666000000005
137,2.7208000000000787e-05,0.005942082999999987,0.007991167000000021
138,2.6874999999981775e-05,0.005726583000000063,0.008263416000000023
139,2.7375000000051664e-05,0.00549095799999999,0.00844458299999995
140,2.758299999994218e-05,0.005528250000000012,0.00846029199999998
141,2.9417000000031557e-05,0.00625687499999994,0.00856116699999998
142,2.8833000000005882e-05,0.006204250000000022,0.00866049999999996
143,2.9582999999999693e-05,0.006478625000000071,0.008701417000000045
144,2.9291999999903062e-05,0.006848707999999926,0.008785790999999987
145,2.9166000000024894e-05,0.005864499999999939,0.00891249999999999
146,2.9042000000090162e-05,0.006585750000000057,0.00899849999999991
147,2.8874999999928264e-05,0.007011207999999991,0.00915545799999995
148,2.8790999999972477e-05,0.006547458000000006,0.009985249999999946
149,3.0250000000009436e-05,0.00843308399999998,0.00957225000000006
150,2.9290999999931344e-05,0.0069566249999999386,0.009518999999999944
151,2.9207999999947276e-05,0.007280834000000014,0.009643249999999992
152,3.0666000000012517e-05,0.007474709000000024,0.009892624999999988
153,3.158400000002892e-05,0.007101083000000008,0.009999541999999972
154,3.124999999992717e-05,0.007585292000000021,0.010701749999999954
155,3.262499999989732e-05,0.007224707999999969,0.010651708000000037
156,3.058300000002845e-05,0.007847291999999895,0.010487833000000002
157,3.054199999996676e-05,0.007501917000000136,0.010590125000000006
158,3.108300000009834e-05,0.0076985000000000525,0.010715709000000073
159,3.095899999983054e-05,0.007906666999999867,0.010828499999999908
160,3.249999999987985e-05,0.008230082999999944,0.010840750000000066
161,3.270900000007515e-05,0.008441791999999948,0.011121040999999998
162,3.1917000000047935e-05,0.008125916999999871,0.011345416000000164
163,3.2542000000024274e-05,0.008098417000000024,0.01153274999999998
164,3.195800000010962e-05,0.008419415999999957,0.011417167000000061
165,3.6750000000029814e-05,0.008414375000000085,0.01158745799999994
166,3.2999999999949736e-05,0.008201582999999957,0.011832249999999878
167,3.23749999999734e-05,0.008797750000000049,0.012025416000000178
168,3.262500000000834e-05,0.008024083000000015,0.012014708000000152
169,3.295799999980531e-05,0.008716749999999829,0.012134917000000023
170,3.3624999999926075e-05,0.009096208000000106,0.012407374999999998
171,3.3459000000179984e-05,0.00867145800000002,0.012542790999999998
172,3.379099999989421e-05,0.008953999999999906,0.012617542000000093
173,3.708299999982678e-05,0.009346666999999975,0.012911290999999991
174,3.3916000000022706e-05,0.009392000000000067,0.01302237500000003
175,3.5084000000074056e-05,0.009532959000000174,0.013071166000000023
176,3.745799999999022e-05,0.009860250000000015,0.013353332999999967
177,3.549999999985509e-05,0.009070667000000032,0.013244250000000068
178,3.487499999987875e-05,0.009190833999999981,0.013562999999999992
179,3.7792000000091974e-05,0.009287541999999815,0.013803792000000037
180,3.533300000002626e-05,0.00969825000000002,0.013841875000000003
181,3.6750000000029814e-05,0.010266290999999983,0.014085665999999941
182,3.5624999999983586e-05,0.009862625000000014,0.014233667000000061
183,3.537499999994864e-05,0.010441833999999872,0.014372042000000196
184,3.64170000000108e-05,0.010404042000000002,0.014408666999999875
185,3.629100000002161e-05,0.010256041999999965,0.014706792000000135
186,3.733399999994447e-05,0.010606416999999979,0.014726083000000001
187,3.7832999999931616e-05,0.01038608299999999,0.015005375000000098
188,3.7583000000118716e-05,0.010654624999999918,0.01504629099999999
189,3.758299999989667e-05,0.010414167000000196,0.015325166000000001
190,3.7874999999854e-05,0.011140457999999853,0.015458124999999878
191,3.804200000012692e-05,0.01150141700000007,0.015531583999999876
192,3.837500000014593e-05,0.01160300000000003,0.01581887500000012
193,3.912500000002872e-05,0.012009249999999971,0.015850209000000115
194,3.987499999991151e-05,0.011430625000000028,0.015978500000000118
195,3.9416999999986047e-05,0.011583082999999883,0.016299749999999946
196,3.9917000000055936e-05,0.011667749999999977,0.016434250000000095
197,3.9290999999996856e-05,0.011840040999999912,0.016500999999999877
198,3.891600000005546e-05,0.011565250000000082,0.016748041999999908
199,3.854199999997476e-05,0.011664833999999846,0.016970375000000093
200,4.062500000001634e-05,0.012451334000000092,0.017143125000000037
201,4.0667000000382814e-05,0.012939792000000061,0.017170124999999814
202,4.0667000000382814e-05,0.012748750000000086,0.017447250000000025
203,4.1458000000105244e-05,0.011928166000000129,0.017619208999999803
204,4.075000000014484e-05,0.012122166999999795,0.017827666999999714
205,5.329200000003809e-05,0.012961832999999867,0.01797187499999975
206,4.141600000018286e-05,0.013402292000000315,0.0180400839999999
207,4.1957999999731044e-05,0.013438292000000018,0.01818624999999985
208,4.187499999996902e-05,0.013538582999999882,0.018399333000000073
209,4.241599999987855e-05,0.013871291999999702,0.018574582999999922
210,4.22919999998328e-05,0.013560958999999873,0.018777916999999977
211,4.233299999967244e-05,0.014511500000000233,0.018899917000000155
212,4.995799999996109e-05,0.013817707999999929,0.019102625000000373
213,4.3082999999999316e-05,0.014053209000000066,0.019262333999999992
214,5.108300000022936e-05,0.01384662499999978,0.019449834
215,4.450000000000287e-05,0.014885000000000037,0.019608499999999918
216,4.354100000014682e-05,0.013987165999999718,0.01984116700000005
217,4.3583999999707856e-05,0.013466165999999724,0.02012058300000019
218,4.395900000009334e-05,0.014553750000000143,0.020299459000000297
219,4.458300000020898e-05,0.014282167000000179,0.020628250000000126
220,4.470799999989339e-05,0.014888542000000005,0.020672334000000347
221,4.450000000000287e-05,0.015324292000000295,0.02076533299999994
222,4.508300000027887e-05,0.015598250000000036,0.020917458
223,4.495799999970629e-05,0.015391124999999839,0.021184708999999913
224,4.583299999971757e-05,0.015545375000000305,0.02159804199999993
225,4.524999999988566e-05,0.014853207999999896,0.021613582999999714
226,4.574999999995555e-05,0.01619400000000004,0.021695665999999836
227,4.612499999989694e-05,0.016005540999999734,0.022094416999999922
228,4.604200000013492e-05,0.015452665999999837,0.0223782499999996
229,4.808399999989277e-05,0.016486916000000296,0.022294333000000055
230,4.83749999999894e-05,0.015945083000000082,0.022540999999999922
231,4.7249999999721126e-05,0.01530645900000005,0.02291541699999966
232,4.7499999999978115e-05,0.016123667000000008,0.022898749999999968
233,4.7000000000352316e-05,0.016613833000000078,0.02326120800000009
234,4.712500000003672e-05,0.015530208000000378,0.023365583999999995
235,4.762500000010661e-05,0.016595500000000207,0.023887541999999762
236,4.7749999999791015e-05,0.01618675000000014,0.0238782500000001
237,4.83749999999894e-05,0.016925416999999943,0.023891207999999775
238,4.991699999967736e-05,0.017274374999999953,0.02423262500000023
239,4.7792000000157486e-05,0.017553624999999684,0.02434537499999978
240,4.850000000011789e-05,0.01729483300000023,0.024564916000000103
241,4.833400000014976e-05,0.018288124999999766,0.024825625000000073
242,4.912499999987219e-05,0.01805483299999988,0.02484920800000001
243,4.891699999998167e-05,0.01764733300000021,0.025293582999999842
244,4.9541999999735964e-05,0.018569792000000085,0.025470541999999874
245,4.966699999986446e-05,0.017563374999999937,0.025569749999999836
246,4.999999999988347e-05,0.019313834000000085,0.025896167000000414
247,4.9583000000019695e-05,0.018648041999999698,0.02618545800000005
248,5.004199999980585e-05,0.01972291699999973,0.02637287499999985
249,5.33750000002442e-05,0.01877266699999991,0.026411207999999853
250,5.016699999993435e-05,0.019084292000000058,0.026697583000000247
251,5.054199999987574e-05,0.019845708000000073,0.026947000000000276
252,5.091699999937305e-05,0.018566583000000136,0.02715449999999997
253,5.0874999999450665e-05,0.018514666999999818,0.027109834
254,5.104099999986289e-05,0.020437165999999785,0.02882758299999999
255,5.1959000000323385e-05,0.020803792000000598,0.028115875000000123
256,5.162500000022163e-05,0.020687500000000192,0.028372000000000064
257,5.212499999984743e-05,0.02101608300000013,0.028088582999999723
258,5.249999999978883e-05,0.019110249999999773,0.028399000000000285
259,5.345900000008896e-05,0.021307584000000546,0.028516125000000336
260,5.291700000054078e-05,0.021782916999999458,0.028836333999999297
261,5.2207999999609456e-05,0.01985954199999984,0.02909495799999995
262,5.262500000036141e-05,0.020477458000000226,0.029470833999999613
263,5.4582999999830406e-05,0.020505333000000014,0.030558625000000283
264,5.412500000012699e-05,0.02225974999999991,0.029786332999999665
265,5.4541999999990765e-05,0.021127667000000017,0.03029412500000017
266,5.5332999999713195e-05,0.022350999999999566,0.030769249999999637
267,5.479100000016501e-05,0.02025279099999988,0.03037549999999989
268,5.520800000002879e-05,0.02288699999999988,0.030649792000000176
269,5.4540999999908024e-05,0.023268999999999984,0.03088320800000055
270,5.737500000080331e-05,0.023800916999999977,0.03113362499999983
271,5.474999999943719e-05,0.022308749999999655,0.031323665999999584
272,6.150000000015865e-05,0.022649375000000305,0.03136404199999987
273,5.579200000038753e-05,0.023001499999999453,0.031816958000000284
274,5.599999999983396e-05,0.02332341700000029,0.03200095799999936
275,5.49579999997718e-05,0.022775540999999677,0.03215641699999949
276,5.462499999975279e-05,0.022197790999999967,0.03244079200000005
277,5.654199999938214e-05,0.023311957999999855,0.03290991699999957
278,5.8250000000370505e-05,0.023857999999999713,0.03290349999999975
279,6.337499999986562e-05,0.024215250000000133,0.03329325000000072
280,5.6416000000503175e-05,0.023649250000000066,0.03353562499999985
281,5.7707999999934145e-05,0.024530249999999754,0.03362041600000065
282,5.679099999955639e-05,0.024051249999999413,0.033861208000000254
283,5.7500000000487717e-05,0.02492591700000002,0.03472058300000036
284,5.91249999999377e-05,0.025054124999999594,0.03428658300000009
285,5.7915999999380574e-05,0.024450250000000118,0.03464324999999935
286,5.737499999991513e-05,0.024906290999999747,0.03496558400000005
287,5.883399999984107e-05,0.023774249999999775,0.03512816699999988
288,5.608300000048416e-05,0.027383125000000064,0.03540058399999957
289,5.991699999974287e-05,0.025827916999999978,0.03584270799999967
290,5.945799999995671e-05,0.026478749999999884,0.035872291000000445
291,5.779199999977891e-05,0.026224209000000442,0.03602670799999963
292,5.683300000036695e-05,0.026483999999999952,0.036494792000000054
293,5.7624999999283943e-05,0.02648062499999959,0.03676083300000066
294,5.937500000019469e-05,0.027438667000000194,0.036944583000000364
295,6.033399999960665e-05,0.02793679200000021,0.03716279200000017
296,5.962500000045168e-05,0.026603416999999574,0.0372424579999997
297,5.7707999999934145e-05,0.026841042000000037,0.037504041000000043
298,5.9499999999879094e-05,0.027765666999999716,0.037980208999999654
299,6.024999999976188e-05,0.027955916999999886,0.03801429100000053
300,6.045800000009649e-05,0.02765383300000046,0.03836683399999963
301,5.9832999999898107e-05,0.02819062500000058,0.03863837500000056
302,5.841599999989455e-05,0.027559666999999344,0.03886699999999976
303,6.187500000010004e-05,0.0276552919999995,0.039222083000000296
304,5.933399999946687e-05,0.02943429099999939,0.039492750000000854
305,6.154200000008103e-05,0.028603250000000635,0.03975062499999993
306,5.91249999999377e-05,0.02956495799999992,0.03983050000000077
307,5.929199999954449e-05,0.027640625000000085,0.04033408400000038
308,5.958299999964112e-05,0.029456790999999427,0.0405304580000001
309,6.204099999962409e-05,0.02957329099999928,0.0407017500000002
310,6.024999999976188e-05,0.029578792000000576,0.041361999999999455
311,6.162499999984306e-05,0.030236333000000393,0.04121583299999987
312,5.995899999966525e-05,0.030125875000000413,0.04134641699999975
313,5.9583000000529296e-05,0.029505375000000278,0.042057583000000065
314,6.137499999958607e-05,0.030335458000000592,0.04208704200000035
315,6.337499999986562e-05,0.0312209999999995,0.04224958399999945
316,6.099999999964467e-05,0.030008500000000105,0.04284083300000052
317,6.070800000035348e-05,0.03111770800000002,0.04297620800000068
318,6.079200000108642e-05,0.03134212500000011,0.0431250839999997
319,6.220800000100724e-05,0.03119387500000137,0.04359254199999896
320,6.220900000108998e-05,0.03171604200000111,0.04366191699999966
321,6.150000000104683e-05,0.03260970800000074,0.04394466699999988
322,6.38750000003796e-05,0.03221825000000145,0.04460870800000016
323,6.229100000076926e-05,0.032290582999999984,0.044742041999999316
324,6.320800000025883e-05,0.032912292000000676,0.04467712499999976
325,6.366700000093317e-05,0.033805375000000026,0.0450767919999997
326,6.20000000015608e-05,0.031080459000000005,0.045265209000000084
327,6.32920000001036e-05,0.03340404199999902,0.04563758299999954
328,6.316600000033645e-05,0.032631166999999905,0.04623791699999913
329,6.37500000006952e-05,0.03430233399999949,0.04634208399999906
330,6.416700000144715e-05,0.0331266250000013,0.04639054199999926
331,6.608400000018833e-05,0.034202792000000315,0.04687154199999988
332,6.345799999962765e-05,0.03402595900000094,0.04880845899999997
333,6.383300000045722e-05,0.032991792000000686,0.047431249999998926
334,6.737500000042473e-05,0.03408416699999961,0.047862750000000176
335,6.554199999975197e-05,0.036254542,0.04796437499999939
336,6.762499999979354e-05,0.035265583000001044,0.048346000000000444
337,6.75839999999539e-05,0.03470470800000136,0.04877425000000102
338,6.966599999991274e-05,0.0370407919999991,0.04864991700000054
339,6.562500000129035e-05,0.03466116699999944,0.049128624999999815
340,6.679100000006599e-05,0.03268366700000058,0.04962779200000078
341,6.508399999916037e-05,0.03613854099999969,0.04966383399999863
342,6.508399999916037e-05,0.036713791000000384,0.04984820800000023
343,6.662499999876559e-05,0.03512012500000061,0.050520332999999695
344,6.812500000030752e-05,0.036659917000001485,0.05044262500000052
345,6.762499999979354e-05,0.037013458000000554,0.05068554200000008
346,6.641599999923642e-05,0.03749683299999873,0.051197874999999726
347,6.624999999971237e-05,0.037977375000000535,0.051617833999999974
348,6.620799999978999e-05,0.03759099999999904,0.051596707999999936
349,6.787500000093871e-05,0.03604512500000112,0.05219770899999965
350,6.716600000089556e-05,0.03930091700000027,0.052193750000000705
351,6.733400000058509e-05,0.03860908299999899,0.0526093749999994
352,6.708299999935718e-05,0.03912166699999986,0.05305870900000009
353,6.820900000015229e-05,0.03929529200000026,0.0540496250000011
354,6.87500000005059e-05,0.03890320800000069,0.053512124999999244
355,6.812500000030752e-05,0.037670083000000076,0.054004082999998815
356,7.033300000003351e-05,0.03996687499999929,0.0540089590000008
357,7.104200000007665e-05,0.038522833000000034,0.05444162499999905
358,7.170900000019742e-05,0.039844000000000435,0.054876458999999045
359,6.887500000019031e-05,0.040981041999998524,0.054843707999999936
360,7.245799999999747e-05,0.039986292000000034,0.05508004200000016
361,6.983300000129589e-05,0.038592624999999714,0.05576391600000008
362,6.991699999936429e-05,0.04114050000000091,0.05566508400000103
363,7.041699999987827e-05,0.04059520800000094,0.05595945799999846
364,7.408299999944745e-05,0.03944129099999927,0.056747582999999935
365,6.97499999997575e-05,0.03836004100000068,0.05666020900000035
366,6.987499999944191e-05,0.04100516699999979,0.056911541999999926
367,7.137499999920749e-05,0.04353583299999997,0.05762470899999883
368,7.120899999968344e-05,0.042397999999998603,0.057527416999999303
369,7.266699999952664e-05,0.044554791999999566,0.05786800000000092
370,7.27909999991283e-05,0.0429887080000011,0.058615708000001376
371,7.362499999885586e-05,0.04292049999999925,0.05853966599999971
372,7.395799999976305e-05,0.04253287499999914,0.05882483399999927
373,7.137499999920749e-05,0.0434090420000004,0.05985554199999932
374,7.170900000019742e-05,0.042989625000000586,0.060272208999998966
375,7.308400000027859e-05,0.04307141700000017,0.05985712500000062
376,7.362499999885586e-05,0.04406816700000071,0.060508374999999504
377,7.195899999956623e-05,0.04513091600000152,0.06052958299999922
378,7.20829999991679e-05,0.044663249999999266,0.060899209000000454
379,7.483400000118934e-05,0.04497641700000088,0.061690499999999204
380,7.36670000005546e-05,0.0457814170000006,0.061377874999999804
381,7.287499999897307e-05,0.046194874999999413,0.06172000000000111
382,7.312500000011823e-05,0.044452666999999835,0.06245454099999925
383,7.68329999996098e-05,0.04589479100000027,0.06243979099999919
384,7.429200000075298e-05,0.04549233299999855,0.06275962499999999
385,7.658300000024099e-05,0.04593629200000038,0.06352612500000099
386,7.391599999984066e-05,0.04558616600000143,0.06337558299999912
387,7.512499999862143e-05,0.04567779199999933,0.06375187500000123
388,8.087500000009129e-05,0.04664541599999872,0.06449545799999967
389,7.45000000001994e-05,0.04734554200000041,0.06434520900000074
390,7.458299999996143e-05,0.04777475000000031,0.06468404200000144
391,7.595900000012534e-05,0.04738191699999916,0.06559920800000008
392,7.824999999961335e-05,0.04777099999999912,0.06549908299999885
393,7.483299999933024e-05,0.04608762500000019,0.06568191699999915
394,7.529099999992184e-05,0.04676295800000041,0.06647829199999933
395,7.699999999921658e-05,0.04861429099999981,0.06636520899999887
396,7.712500000067735e-05,0.046023334000000915,0.06677354099999988
397,7.833299999937537e-05,0.050178750000000605,0.06813545800000043
398,7.800000000024454e-05,0.0494028749999984,0.06729254100000048
399,7.774999999909937e-05,0.05099191700000105,0.06779666600000134
400,8.141700000052765e-05,0.0507851670000008,0.06949441600000128
401,7.720900000052211e-05,0.0476942080000029,0.06849350000000243
402,7.85420000006809e-05,0.0503005000000023,0.06885737500000033
403,8.174999999965848e-05,0.05154491700000108,0.06958654099999961
404,7.862500000044292e-05,0.05004933300000047,0.06973033399999906
405,7.912499999918055e-05,0.05002737500000265,0.06983604100000207
406,7.779199999902175e-05,0.05185766600000008,0.07092400000000154
407,7.895800000312647e-05,0.05114770799999846,0.0705280830000028
408,7.929200000234005e-05,0.053393041999999724,0.0708340829999976
409,8.020900000005327e-05,0.05214424999999778,0.07214566600000083
410,8.124999999736815e-05,0.05171374999999756,0.07281874999999971
411,7.895799999957376e-05,0.05351933300000056,0.07212254200000245
412,7.933399999870971e-05,0.052477082999999425,0.07325358299999962
413,8.291600000021049e-05,0.05208658300000124,0.07279229099999895
414,8.162499999997408e-05,0.05406383400000081,0.07297370799999925
415,8.150000000028967e-05,0.05292783399999834,0.07389562500000224
416,8.187499999934289e-05,0.05322112500000031,0.07396866699999904
417,8.83340000008559e-05,0.054228957999999494,0.0741330419999997
418,8.174999999965848e-05,0.05298974999999828,0.07500062500000126
419,8.254200000124001e-05,0.05530604099999792,0.07514437500000071
420,8.529199999784964e-05,0.05387120800000034,0.07618183300000325
421,8.225000000194882e-05,0.05439404100000189,0.07610924999999824
422,8.212500000226441e-05,0.056043750000000614,0.07577170900000141
423,8.100000000155205e-05,0.05616929099999979,0.07613629100000097
424,8.104199999792172e-05,0.055148249999998455,0.07757316700000061
425,8.449999999982083e-05,0.053238541999999,0.07695845800000001
426,8.324999999942406e-05,0.056440584000000626,0.07720116699999835
427,8.525000000147998e-05,0.056202167000002135,0.07847262499999985
428,8.22499999983961e-05,0.055528333000001595,0.07818312499999891
429,8.391699999776847e-05,0.05484004099999851,0.07831895900000063
430,8.374999999816168e-05,0.057074666999998414,0.0794123330000005
431,8.304199999997763e-05,0.05884804199999749,0.07910825000000088
432,8.87909999995884e-05,0.05671058399999751,0.07951179099999806
433,8.629100000234757e-05,0.05895091599999702,0.08110104200000023
434,9.179099999911955e-05,0.057773375000000016,0.08130212500000056
435,8.779199999864318e-05,0.05926933299999959,0.08109754199999841
436,8.570800000029521e-05,0.05698141699999937,0.08241912500000126
437,8.987500000046111e-05,0.0619632920000015,0.08136149999999986
438,8.795899999824996e-05,0.058024707999997815,0.08203604199999859
439,8.83340000008559e-05,0.06231504099999796,0.0827957500000025
440,9.249999999738634e-05,0.059989874999999415,0.08358545800000172
441,8.899999999911756e-05,0.05839820899999992,0.08302458400000035
442,9.066700000204264e-05,0.05935645799999989,0.08473379200000153
443,8.537500000116438e-05,0.062332542000000046,0.08403854099999819
444,8.541700000108676e-05,0.061447125000000824,0.08393116599999928
445,8.73750000032203e-05,0.062355625000002135,0.0866620410000003
446,8.758299999911401e-05,0.06336795799999706,0.08467420899999922
447,8.612499999927081e-05,0.05913608300000206,0.08510433300000031
448,8.829200000093351e-05,0.06350608300000005,0.08791495899999902
449,9.029099999935397e-05,0.0647179169999994,0.08610708299999814
450,8.779200000219589e-05,0.06428208300000193,0.08619691699999876
451,8.675000000124555e-05,0.06499575000000135,0.0876537089999978
452,9.204200000212381e-05,0.06258608399999943,0.08759899999999732
453,8.87909999995884e-05,0.06332137500000101,0.08731904200000074
454,8.704099999690129e-05,0.0641397500000025,0.09006154200000083
455,9.341700000220499e-05,0.06384112499999972,0.08822258400000038
456,8.912499999880197e-05,0.06315895800000249,0.08852729199999843
457,9.108400000101824e-05,0.06733833299999858,0.09138833399999768
458,9.270800000038548e-05,0.06550000000000011,0.0892801669999983
459,9.183299999904193e-05,0.06516466700000123,0.08969966600000134
460,8.916700000227706e-05,0.06634949999999762,0.09266508299999998
461,9.054200000235824e-05,0.06425325000000015,0.09053683299999804
462,8.845800000045756e-05,0.06637012499999884,0.09115570800000228
463,9.07910000016443e-05,0.06929312499999796,0.0938668749999998
464,9.712499999992019e-05,0.06832616599999852,0.09345554100000086
465,9.116600000069752e-05,0.06789091700000327,0.09241566700000092
466,9.062499999856755e-05,0.06871375000000057,0.09515066700000219
467,9.675000000086698e-05,0.07102929199999863,0.09449741600000294
468,9.458299999920428e-05,0.06711525000000051,0.09518724999999861
469,9.462499999912666e-05,0.06509287500000127,0.09660091699999995
470,9.200000000220143e-05,0.06892770900000045,0.09513345900000303
471,0.00010199999999827014,0.06340608400000036,0.0960959999999993
472,9.125000000054229e-05,0.0687697089999979,0.09682920899999914
473,9.408300000046665e-05,0.07029679200000061,0.097951541999997
474,9.524999999754868e-05,0.06918912500000118,0.09710295800000068
475,9.554100000030985e-05,0.07259004199999808,0.09892404100000007
476,9.350000000196701e-05,0.07048929100000123,0.0976932909999988
477,9.733300000291933e-05,0.07171862499999904,0.09735404099999911
478,9.36249999980987e-05,0.07362512499999951,0.10036025000000137
479,9.629199999849902e-05,0.07311816700000051,0.09936112499999794
480,9.462499999912666e-05,0.07147725000000094,0.10002270900000099
481,9.837500000031696e-05,0.07339995899999963,0.10143575000000027
482,9.908300000205372e-05,0.07244141700000029,0.10499337499999939
483,0.00010495799999787891,0.07450812500000126,0.1013008339999999
484,9.783300000165696e-05,0.07151533399999721,0.10080179200000217
485,9.887499999905458e-05,0.07645875000000046,0.10168083400000327
486,9.52500000011014e-05,0.07392391700000189,0.1005688749999969
487,9.583299999960104e-05,0.07450183400000299,0.10404175000000038
488,9.90000000022917e-05,0.076495125000001,0.10241737499999815
489,9.658399999779022e-05,0.07399362499999995,0.1019198750000001
490,9.899999999873899e-05,0.07295308299999803,0.10545854100000085
491,9.999999999976694e-05,0.07718604200000101,0.10437129199999973
492,9.495899999834023e-05,0.07362758300000039,0.10313329100000246
493,9.929200000158289e-05,0.07588875000000073,0.10662049999999823
494,9.825000000063255e-05,0.07287162500000122,0.10580608300000094
495,9.92499999981078e-05,0.07336629099999925,0.1064270839999999
496,9.708299999999781e-05,0.07278841600000163,0.10614987499999984
497,9.808300000102577e-05,0.07549520900000317,0.10559983299999942
498,9.800000000126374e-05,0.07808650000000128,0.10566575
499,9.999999999976694e-05,0.07767608300000006,0.10900716600000138
500,9.649999999794545e-05,0.07789262500000049,0.10850712499999915
501,0.00010054100000189692,0.0785821250000005,0.10909733400000121
502,0.00010324999999866691,0.08073504200000059,0.10929312500000066
503,0.00010420799999977248,0.08023929200000168,0.10786424999999866
504,9.708299999999781e-05,0.07624095799999964,0.10832137499999916
505,0.00010208299999803216,0.08260795799999698,0.10996170800000016
506,9.962500000426644e-05,0.07997049999999462,0.1110315419999992
507,9.95420000009517e-05,0.0789155000000008,0.10980287499999974
508,9.837500000031696e-05,0.07581462499999958,0.11339779099999703
509,0.00010216700000142964,0.08179520800000262,0.11247541699999886
510,0.00010199999999827014,0.07813712500000491,0.11321075000000036
511,0.0001011250000004793,0.08233041700000143,0.11490804199999616
512,0.00010325000000221962,0.08494045799999839,0.11219758300000393
513,0.00010283299999969131,0.08264175000000051,0.11241941700000524
514,0.00010120799999668861,0.08349541600000521,0.11604162500000115
515,0.00010420899999985522,0.08417366700000173,0.11429312500000322
516,0.00010241700000079845,0.08423316700000072,0.11348891600000144
517,0.00010166599999905657,0.0780077500000047,0.11600462500000219
518,0.00010395799999685096,0.0853595000000027,0.11469779200000119
519,0.00010929200000475703,0.08459504100000004,0.1170665409999998
520,0.00010545800000016925,0.08315279100000339,0.1176338330000064
521,0.00010679199999685807,0.08381420899999625,0.11579866699999997
522,0.00010279199999985167,0.08844129199999884,0.11673541700000101
523,0.00010133300000347845,0.08205029199999814,0.11825929199999763
524,0.00010120900000032407,0.09019483399999473,0.11778641699999781
525,0.00010416700000348555,0.08665783299999674,0.1197920000000039
526,0.00010854199999954517,0.08289816599999966,0.11977695799999566
527,0.00010549999999653892,0.08650679199999445,0.11912641600000029
528,0.00010625000000175078,0.08657050000000055,0.11896387499999861
529,0.00010441700000285437,0.08942112500000121,0.12283895800000266
530,0.00010445800000269401,0.08770091699999938,0.1197202500000003
531,0.00010541599999669415,0.08514724999999856,0.12251787499999978
532,0.00010787499999764805,0.09019100000000435,0.12294391599999699
533,0.0001049999999978013,0.0890101250000015,0.12122912499999927
534,0.00010504099999764094,0.09163029100000131,0.12380179100000532
535,0.00010791599999748769,0.09062149999999747,0.12249316599999815
536,0.00010354100000142807,0.08944029199999903,0.1240236669999959
537,0.00010570799999953806,0.08566458299999624,0.12334925000000396
538,0.00010916600000143717,0.09140833299999684,0.1256998339999953
539,0.00010441699999574894,0.09077591600000545,0.12472524999999735
540,0.00010612500000206637,0.08894195900000312,0.12678749999999894
541,0.00010908299999812243,0.0912815000000009,0.1277459169999986
542,0.00010937499999386091,0.09315437499999746,0.12578012499999858
543,0.00010766700000175433,0.09172887499999405,0.12814612500000067
544,0.00010749999999859483,0.09265991699999887,0.12881058299999637
545,0.0001123750000004975,0.08966420900000571,0.1280611250000021
546,0.00011466599999465643,0.09530625000000015,0.1276245419999995
547,0.00010799999999733245,0.09341887500000468,0.12920279200000095
548,0.00010812500000412228,0.09457604199999992,0.12883074999999877
549,0.00011166699999876073,0.09160591700000253,0.1298890830000019
550,0.00011079200000096989,0.09413420799999983,0.13166270899999688
551,0.0001067500000004884,0.09620879100000224,0.13125924999999938
552,0.00010887500000222872,0.09399604099999692,0.13038895899999403
553,0.00010887500000222872,0.09768495899999863,0.13267524999999836
554,0.00010970900000017991,0.09642004199999832,0.13321029200000112
555,0.00010787499999764805,0.09905441700000495,0.13366499999999348
556,0.00011187500000175987,0.09544391600000068,0.1362485410000005
557,0.00011254199999655157,0.09755345900000378,0.13493675000000138
558,0.00011816600000003064,0.09830820899999537,0.13512195799999915
559,0.00011029099999859682,0.09582337499999483,0.13677137500000214
560,0.00011062499999781039,0.09625450000000058,0.13644529100000113
561,0.000113291999994658,0.09794962499999826,0.13693087499999734
562,0.00011599999999845068,0.09955670800000149,0.1368501660000021
563,0.00011075000000460022,0.09917504199999883,0.13720024999999936
564,0.0001140829999997095,0.09824262500000458,0.13609225000000436
565,0.0001094590000008111,0.09943454199999735,0.14027854200000434
566,0.00011387499999671036,0.09985845900000356,0.13822283300000038
567,0.00011587499999876627,0.09909570900000375,0.14044691699999845
568,0.0001143750000025534,0.099410000000006,0.14259054199999355
569,0.00011283300000286545,0.09894170799999813,0.14102229099999875
570,0.00011195900000160464,0.09966050000000592,0.14134829200000354
571,0.00011758299999797828,0.1021469169999989,0.14292787499999804
572,0.00011841599999939945,0.10317766699999709,0.1407094170000036
573,0.0001126670000033414,0.10148099999999971,0.14249800000000334
574,0.00011079200000096989,0.10401245900000333,0.1451719170000061
575,0.00011595899999861103,0.10194716599999509,0.14223591600000418
576,0.00011587499999876627,0.10479916699999592,0.1444390419999948
577,0.00011620800000144982,0.10634804100000395,0.14698800000000034
578,0.00012045799999782503,0.10985158300000109,0.14535454199999975
579,0.0001197079999997186,0.10741770799999983,0.14609074999999905
580,0.00012008400000240727,0.10481870800000337,0.14869095899999962
581,0.00011654200000066339,0.10189745799999628,0.14573712499999658
582,0.00011608300000176541,0.1083602089999971,0.14732825000000105
583,0.00011874999999861302,0.11035150000000016,0.14926745799999708
584,0.00011591599999860591,0.10694587500000097,0.1484533339999956
585,0.00011341700000144783,0.10816508399999947,0.14789270800000054
586,0.00011745799999829387,0.10777862500000168,0.1513798749999964
587,0.00011845800000287454,0.10991104200000024,0.14927870899999363
588,0.00011945800000034978,0.10926062500000455,0.15087320900000378
589,0.00011591699999513594,0.10251087500000011,0.15348929099999964
590,0.00011949999999671945,0.11072633299999524,0.15136612500000268
591,0.00011974999999608826,0.1113045000000028,0.15163562499999728
592,0.00011883399999845778,0.10731745800000425,0.15371233300000142
593,0.00011670800000018744,0.10750791699999951,0.1528352919999989
594,0.00011704199999940101,0.11588683299999758,0.15283562500000158
595,0.00012295799999861856,0.1133257090000015,0.15610404100000608
596,0.0001238329999964094,0.11007279100000034,0.15486641700000092
597,0.00011641700000097899,0.11422545799999995,0.15510350000000273
598,0.00011783400000098254,0.11387104199999953,0.15838391700000187
599,0.00011833299999608471,0.11472362499999633,0.15822737500000272
600,0.00011866599999876826,0.11079774999999614,0.15617520899999704
601,0.00012149999999877537,0.11272341599999436,0.1591826249999997
602,0.00012437499999862212,0.11132933400000411,0.1577553750000007
603,0.00012254100000319568,0.11040108299999929,0.1587267079999961
604,0.00011995900000272286,0.11511354199999602,0.16089091699999614
605,0.0001239999999995689,0.114423084000002,0.1593076670000002
606,0.00012391599999972414,0.11689404199999842,0.1596094160000021
607,0.00012020799999845622,0.11752966699999945,0.16290741699999955
608,0.0001200000000025625,0.11729445800000349,0.16083129200000457
609,0.00012262500000304044,0.11904829099999858,0.16071499999999617
610,0.00012091600000019298,0.11399033400000036,0.164318791999996
611,0.000123707999996725,0.12211383399999676,0.16272537500000084
612,0.00012437500000572754,0.1130152080000002,0.1630085410000035
613,0.00012770800000083682,0.11876654199999592,0.16490962499999995
614,0.0001232080000050928,0.11625416700000102,0.16516316699999578
615,0.00012795900000384108,0.1195155409999984,0.16440562500000055
616,0.00012433300000225245,0.1194659590000029,0.16660537500000316
617,0.00012391699999625416,0.12064062500000006,0.16587995900000152
618,0.00012833399999578887,0.12062325000000129,0.16842679199999822
619,0.00012258299999956535,0.1186222079999979,0.1691631249999972
620,0.0001223749999965662,0.12308029199999737,0.16732024999999595
621,0.00012487500000446516,0.11664724999999976,0.1682941669999991
622,0.00012358399999357061,0.12237816700000081,0.17064804199999628
623,0.00012300000000209366,0.12195645899999619,0.1683047920000007
624,0.00012370900000036045,0.11851525000000152,0.1694937500000009
625,0.0001282499999959441,0.12872349999999955,0.17321937499999507
626,0.0001286660000019424,0.12400983400000598,0.17593983300000104
627,0.00012445799999483143,0.12262908299999964,0.17128345800000488
628,0.00012391599999972414,0.12803370900000033,0.17407104200000134
629,0.00013195900000084748,0.128517875,0.17244616699999682
630,0.00013141699999863476,0.12191862499999928,0.1721897919999975
631,0.0001255000000028872,0.12999175000000207,0.1764022919999988
632,0.0001232089999945174,0.12969941699999765,0.1741569999999939
633,0.00012808299999989003,0.12448504200000343,0.17498762499999998
634,0.0001278749999968909,0.13004912499999932,0.1775664170000013
635,0.000125750000002256,0.12855054199999927,0.17557641700000204
636,0.00012554199999215143,0.12928179099999682,0.17575004200000421
637,0.00012650000000746786,0.1280992920000017,0.18117537500000935
638,0.00013374999998916337,0.1289101670000008,0.17747795799999722
639,0.00012837499998852309,0.12770475000000658,0.1778881670000061
640,0.0001266249999929414,0.12868587500000217,0.18088008399999467
641,0.00013149999999484407,0.13244608400000857,0.17929037499999367
642,0.0001331659999976864,0.12672504199998968,0.17960166700000002
643,0.00012737499999104784,0.13015000000000043,0.1826899169999905
644,0.00013483299998995335,0.12589804200000287,0.18074666699999398
645,0.00013216700000384662,0.1321228749999932,0.1811397919999962
646,0.00013112499999579086,0.13186495900001205,0.18389029200000095
647,0.00012854199999878801,0.13122174999999459,0.1825330000000065
648,0.0001280420000000504,0.13388045899999668,0.18234045799999876
649,0.00013179199999058255,0.13421204200000147,0.18587104199998805
650,0.00013166699999089815,0.13569508399999108,0.18400395800000524
651,0.00012875000000178716,0.1349078340000034,0.18432750000000908
652,0.00013024999999800002,0.13278741599999933,0.18834554200000753
653,0.00013704100000211383,0.1395679590000043,0.18570433300000388
654,0.0001322499999929505,0.1344205000000045,0.18633162500000822
655,0.00012966700001015852,0.1338374999999985,0.1896968329999993
656,0.0001299999999986312,0.1418310410000032,0.18745116699999187
657,0.0001332500000046366,0.13477837499999623,0.18890366700000527
658,0.00013508399999295762,0.13309399999999982,0.19156787499998984
659,0.00013274999999168813,0.1394070000000056,0.18917708300000413
660,0.00013758299999722112,0.13529491700001017,0.18998675000000276
661,0.0001310829999994212,0.13899125000000367,0.19478362499999946
662,0.00013370899999642916,0.1361234999999965,0.19352008399999931
663,0.00013070800000036797,0.14109020799999428,0.19154116700001111
664,0.0001314170000057402,0.1355957089999862,0.19496966699999518
665,0.00013512499999990268,0.14116716599998824,0.19265691699999365
666,0.00014208400000370602,0.1374734999999987,0.1932788329999937
667,0.00013433300000542658,0.14188904099999888,0.19680891699999847
668,0.00013254200000289984,0.13666550000000655,0.1942284160000014
669,0.00013583300000163945,0.13703408299998898,0.19547725000001037
670,0.0001362910000040074,0.141376582999996,0.1983885829999963
671,0.0001305419999937385,0.1411489589999917,0.19618512499999952
672,0.0001331250000049522,0.14549045900000124,0.19765624999999432
673,0.00013645899998948607,0.1392359999999968,0.20110041699999215
674,0.00013616700000795845,0.1474255000000113,0.19788466699999674
675,0.0001334579999934249,0.14854016599998943,0.19923470800000587
676,0.0001354999999989559,0.14330733299999565,0.20214754200000584
677,0.00013708300001269436,0.1475404579999946,0.19990312500000584
678,0.0001397919999988062,0.15007937500000423,0.20052404100000842
679,0.00013429199999848151,0.14208662500000457,0.20396920900000737
680,0.00013450000000148066,0.14212141600000905,0.20145862500000078
681,0.00014029200001175468,0.14737812500000302,0.20228991699998744
682,0.0001409999999992806,0.1466932919999948,0.20566462500001137
683,0.00014287499999454667,0.15159324999999058,0.20328750000000184
684,0.00013599999999769352,0.14497104100000513,0.20402262500000745
685,0.0001413749999983338,0.1509881249999978,0.207590833999987
686,0.0001388750000046457,0.14321258399999692,0.20554237499999317
687,0.0001399169999984906,0.1474802079999904,0.20575866600000836
688,0.00013562500001285116,0.14775950000000648,0.20945312500001023
689,0.0001415840000049684,0.1489517919999912,0.20721441700000298
690,0.00014254199999186312,0.15394779199999675,0.20738445800000704
691,0.00013737499999422198,0.1536686659999873,0.2113446250000095
692,0.00013629200000764286,0.1480850000000089,0.2092029159999953
693,0.000139916000009066,0.14995795800000167,0.20957866700000238
694,0.00014262500000938871,0.15307129100000338,0.2130758339999943
695,0.00013783299999658993,0.15944908400000202,0.21108875000000182
696,0.00013812500000653927,0.14995958299999756,0.21306950000000313
697,0.00014108300000259533,0.1581272920000032,0.24018004199999154
698,0.00014449999999044394,0.15458645799999715,0.21328487499999937
699,0.0001389159999973799,0.15579012500001,0.21296695799999554
700,0.00013758299999722112,0.1557066669999898,0.217215834000001
701,0.00014191599998980564,0.16169849999999997,0.21452808400000833
702,0.00014500000000339242,0.15842208300000493,0.2151156250000099
703,0.00013954099999580194,0.15960312500000384,0.21970724999999902
704,0.00014016699999785942,0.15529983300000083,0.21606579100000545
705,0.0001452079999921807,0.15829225000000235,0.21989420900000312
706,0.0001434999999929687,0.15890950000000714,0.22072970800000746
707,0.00014366700000323362,0.15678583400000434,0.21794233299999632
708,0.00014345799999659903,0.1623667079999933,0.21870529199999567
709,0.0001399999999875945,0.16497975000000054,0.22242787499999395
710,0.00014212499999644024,0.1586277089999868,0.22002112500000237
711,0.0001469999999983429,0.15876645899999176,0.220440042000007
712,0.00014516599999581103,0.16634733300000448,0.2243582919999909
713,0.0001407920000104923,0.1609686249999953,0.2226937499999906
714,0.0001414999999980182,0.16315591699999743,0.22260254100000054
715,0.000146292000010817,0.15428020800000297,0.22629791699999657
716,0.00014512499998886597,0.16302162500001316,0.22386683300000243
717,0.00014175000001159788,0.16219079200000408,0.2242107080000011
718,0.0001422919999924943,0.16078020799999138,0.22815699999999595
719,0.00014633299998934035,0.16441291700000704,0.2254005420000027
720,0.00014716700000860783,0.16322375000000022,0.22597887499999558
721,0.00014508300000670715,0.16885745800000507,0.23059512499999357
722,0.00014274999999486226,0.1658997919999905,0.22724716599999795
723,0.00015074999998887506,0.1637848750000046,0.22888350000000912
724,0.00014708399999108224,0.16861870900000042,0.22913766700000338
725,0.0001469590000056087,0.16308087499999147,0.2326064169999995
726,0.0001490420000038739,0.16319254200000444,0.23229491700000438
727,0.0001585840000046801,0.17274025000000393,0.23465687499999888
728,0.0001468749999986585,0.17036699999999882,0.23127308300000493
729,0.0001485829999978705,0.17064062500000432,0.23177133400000116
730,0.00014845900000182155,0.16976012499999626,0.23590270799999757
731,0.0001452919999991309,0.1708541250000053,0.23334604099999012
732,0.00014570800000512918,0.17207737500000064,0.2336209999999994
733,0.000149499999992031,0.18076604099999827,0.24356283400000223
734,0.00015158300000450708,0.16764366600000358,0.2350662500000027
735,0.00014920799999629253,0.1702350420000016,0.2358539589999964
736,0.000146083999993607,0.17651025000000686,0.24016808300000037
737,0.00015254100000561266,0.1712156250000021,0.23708374999999648
738,0.00015029200000071796,0.17760866599999758,0.23838099999998974
739,0.00014691600000560356,0.1767898749999972,0.24235470799999348
740,0.00014791700000671426,0.16885666700000002,0.2389498329999924
741,0.00015083300000640065,0.17464162499999247,0.2400897079999993
742,0.00015279200000861692,0.17220429200000353,0.24418350000000544
743,0.00014941599999929167,0.17546679100000517,0.2408431670000084
744,0.00014758300000039526,0.17553479100000402,0.2414520419999917
745,0.00015254199999503726,0.17590150000000904,0.24632508399999153
746,0.00015366599998856145,0.17253291699999806,0.24337962500000287
747,0.00014979200000198034,0.17454741600001,0.24354112499999303
748,0.00014575000000149885,0.17728541599998948,0.24824354099999368
749,0.00015237499999898318,0.1785981250000077,0.24478908300000057
750,0.0001521659999923486,0.18042220799999598,0.24523475000000872
751,0.0001495830000095566,0.18203600000001074,0.25019108300000426
752,0.00014975000000561067,0.18101379200000167,0.2471901669999994
753,0.00016033300001083717,0.17874658399999532,0.24790799999999535
754,0.0001557909999974072,0.1851345409999965,0.2520830419999953
755,0.00015137500000150794,0.17670245799999407,0.2491312499999907
756,0.0001495830000095566,0.17312237499999128,0.24939212499999996
757,0.00015391599998793026,0.1808473340000063,0.2540813749999984
758,0.00015437499999393367,0.18598366700000213,0.25067191700000535
759,0.00015095800000608506,0.1829833329999957,0.25158008299999324
760,0.000152624999998352,0.1814622499999956,0.2565974169999947
761,0.00015791600000625294,0.1804577500000022,0.2533695840000121
762,0.0001553339999986747,0.17646537500000647,0.25364270900000463
763,0.00015154099999392656,0.18021970799999565,0.25784583300000463
764,0.00015166599999361097,0.1820177079999894,0.25463558299999534
765,0.00015570799999409246,0.18784537499999487,0.25537549999999953
766,0.00015574999999046213,0.17940733300000034,0.2600649999999973
767,0.0001545829999969328,0.18632979100000568,0.2572625840000029
768,0.0001518330000038759,0.1841319579999947,0.2577220000000011
769,0.00015654100000972448,0.19245062499999221,0.26247233300000516
770,0.0001562090000106764,0.18834333299999173,0.25933754199999726
771,0.00015620799999283008,0.18969316600001207,0.2599113750000015
772,0.00015324999999677402,0.18754995900000893,0.26423508299998844
773,0.00016100000000562886,0.18572016599999586,0.2605630409999975
774,0.00015804199999536195,0.19440941599999917,0.2612576669999953
775,0.00015362499999582724,0.18844866599999932,0.2662367080000081
776,0.0001561250000037262,0.19885316700001,0.2625453330000056
777,0.00015804199999536195,0.1910293749999994,0.2638406250000003
778,0.00016237500000215732,0.1947338330000008,0.2689524580000011
779,0.00015479199998935655,0.1828407499999969,0.26711362500000746
780,0.0001567919999985179,0.19390479099999425,0.26606529100000387
781,0.0001590419999928372,0.1926207090000105,0.27074420799999643
782,0.0001612089999980526,0.1926053749999994,0.26876449999998897
783,0.00015970800001241514,0.19783100000000786,0.26850654200001145
784,0.00015762499999993906,0.19971966699999655,0.2792436659999993
785,0.0001694170000092754,0.19538179200000627,0.2701288750000117
786,0.0001677500000027976,0.1928852919999997,0.27092779199999484
787,0.00016091699998810327,0.19590391699999543,0.27183291600000814
788,0.00015887499999678312,0.19857454099999927,0.2800910830000021
789,0.00016145799999378596,0.19903937499999813,0.2756085420000005
790,0.00016358299998842085,0.20202787499999886,0.28109154199999864
791,0.00016108299999473275,0.20316416699999706,0.2742849170000028
792,0.00015687500000183263,0.20280195899999853,0.2747194160000106
793,0.00016150000000436648,0.19474941699999704,0.2810520419999989
794,0.00016104199998778768,0.20156087499999842,0.27636370900000884
795,0.00018458299999224437,0.20337512500000798,0.2767098329999982
796,0.00015795900000625807,0.19411099999999237,0.28155025000000933
797,0.00016520799999852898,0.19933449999999198,0.27811587499999746
798,0.00016225000000247292,0.2032325000000128,0.27837570799999867
799,0.00016195899999615904,0.2019866669999999,0.2840619170000025
800,0.00015904200000704805,0.19419495900001493,0.2799102079999898
801,0.00016258400000879192,0.19597170899999128,0.28054983399999855
802,0.0001785830000073929,0.1982886669999857,0.28583833299998673
803,0.00015966700001968093,0.20426841699998022,0.2818546660000152
804,0.00015958399998794448,0.20441862500001662,0.2828730839999878
805,0.00016845900000816982,0.20745145899999784,0.2876984999999763
806,0.0001647919999925307,0.20420495799999117,0.28374825000000214
807,0.00016033400001447262,0.20097708399998737,0.28449874999998315
808,0.0001607499999920492,0.2101176250000094,0.28991783299997564
809,0.00016633300000989948,0.2077133749999973,0.2859742919999917
810,0.00016429199999379307,0.2041703749999897,0.286610292000006
811,0.00016112500000531327,0.20657845800002406,0.2920650830000113
812,0.00016108299999473275,0.19928187500002537,0.2878527080000026
813,0.00016666600001258303,0.2054022500000201,0.28877224999999385
814,0.0001657089999866912,0.20885504100002095,0.2942014580000034
815,0.0001661660000138454,0.21739033399998675,0.29008362499999407
816,0.00016170799997894392,0.21148854099999426,0.2909171659999856
817,0.0001677500000027976,0.21101191699997912,0.2964680830000077
818,0.00016666599998416132,0.21267745899999113,0.292161875000005
819,0.00016262500000152613,0.21614995799998837,0.2929735419999986
820,0.00016287500000089494,0.21452041699998858,0.2988085419999891
821,0.00016758300000674353,0.21158220899999947,0.29450495800000454
822,0.00017012500001101216,0.2203902919999905,0.29557154100001526
823,0.000168209000008801,0.20884949999998526,0.30155208299999003
824,0.00017129099998669517,0.2235877079999966,0.29734608300000787
825,0.00017175000002112029,0.2231602500000065,0.29750995800000624
826,0.00016870900000753863,0.22158458299998074,0.3030801669999903
827,0.0001643749999971078,0.21802058399998714,0.2989066659999935
828,0.0001668330000086371,0.21998583399999916,0.299429291999985
829,0.00017049999999585452,0.21406350000000884,0.30533445800000436
830,0.00016983300000106283,0.22171362499997826,0.30092695800001934
831,0.00016666700000200763,0.21529720899999916,0.3052388330000042
832,0.00016508400000248002,0.21991633299998625,0.3075594169999931
833,0.0001720420000026479,0.21962449999998057,0.3033952499999941
834,0.00017212500000596265,0.22483395899999437,0.30412258399999814
835,0.0001925409999898875,0.22597099999998704,0.30952658300000735
836,0.00016808399999490575,0.22816683399997828,0.30542645799999946
837,0.0001796669999976075,0.22091829100000382,0.3092144590000032
838,0.00017412500000091313,0.22809662500000627,0.3117294169999809
839,0.00017054099998858874,0.21769608299999277,0.3081250829999931
840,0.00016858299997579707,0.2219801660000087,0.3081660419999821
841,0.00017266699998685908,0.2230350000000101,0.31551716600000645
842,0.000177458999985447,0.22371187499999223,0.30982620899999347
843,0.00016674999997690065,0.22265770799998563,0.31118312499998524
844,0.00016758300000674353,0.22727941700000542,0.3163278749999847
845,0.00017229200000201672,0.22584220900000673,0.31189941700000645
846,0.0001722499999914362,0.22941779100000304,0.3126721669999881
847,0.00016962500001227454,0.22948333300001877,0.31813349999998763
848,0.00017079099998795755,0.22939004200000568,0.31418587500002104
849,0.00017591699997865362,0.2291305829999999,0.3156733749999887
850,0.0001767919999906553,0.2270157920000031,0.31667591699999775
851,0.00017220899999870198,0.22604270799999426,0.3235142499999881
852,0.00017279099998290803,0.23408879199999433,0.3179539579999755
853,0.00017537499999775719,0.2283251249999978,0.32380016600001227
854,0.00017749999997818122,0.23418058400000064,0.3190580830000158
855,0.00017029200000706624,0.23655750000000353,0.3195827920000056
856,0.00016962500001227454,0.23966325000000666,0.32574650000000815
857,0.00017508400000565416,0.2229551249999986,0.3208066669999994
858,0.00017504200002349535,0.22989341699999954,0.3216874590000032
859,0.00017062500000974978,0.2335201670000231,0.32782770800000094
860,0.00017445899999302128,0.23593433400000663,0.32320870799998147
861,0.00017529200002286416,0.23714229099999784,0.3253320409999958
862,0.00017691700000455057,0.2329972919999932,0.33104012500001545
863,0.0001722909999841704,0.24165650000000483,0.325376499999976
864,0.00017137500000785622,0.23225545799999736,0.3258908749999989
865,0.00017591700000707533,0.23140866700001084,0.3327738330000045
866,0.00017683299998338953,0.24677700000000868,0.32827695799997514
867,0.00017458300001749194,0.24286299999999983,0.3293452090000244
868,0.0001724589999980708,0.24475925000001553,0.33526041700000064
869,0.0001799160000075517,0.23498508299999799,0.3303517920000161
870,0.00017774999997755003,0.2444131670000047,0.33145499999997696
871,0.00017379199999822958,0.24177554199999918,0.33725404199998366
872,0.000172708000008015,0.24896725000002107,0.33233774999999355
873,0.00017837499999018291,0.24510412500001166,0.3333923749999883
874,0.0001783339999974487,0.24062433399998895,0.33952741699999933
875,0.00017437500000028194,0.24601270900001282,0.335235584000003
876,0.00017591700000707533,0.25212479099999996,0.3352217919999987
877,0.00017825000000470936,0.2470137500000078,0.341321999999991
878,0.0001808339999911368,0.24539216700000566,0.33702462499999797
879,0.00017579100000375547,0.25104462500002,0.3377169590000051
880,0.00017504199999507364,0.2437992920000056,0.34468925000001605
881,0.00018074999999839747,0.24744624999999587,0.33946712499999876
882,0.0001824169999906644,0.2516297919999886,0.3401039160000039
883,0.0001819590000025073,0.23425174999999854,0.34687024999999494
884,0.0001797079999903417,0.24592258299998093,0.34151800000000776
885,0.00017870799999286646,0.25346916700002,0.34279704200000083
886,0.00017625000000975888,0.25268037499998286,0.3489320420000013
887,0.00018045800001686985,0.2531749999999988,0.34454500000001076
888,0.00018337499997755913,0.2472817500000133,0.3443782919999876
889,0.00017950000000155342,0.2538592909999977,0.35158733299999767
890,0.00017758299998149596,0.2546664169999815,0.3470634999999902
891,0.000184208000007402,0.25278954199998793,0.3468068340000059
892,0.00018087499998387102,0.26201887499999543,0.35387708300001464
893,0.00017845899998292225,0.24944212500000162,0.3485045829999933
894,0.00017729099999996834,0.24753679200000533,0.34928879200001006
895,0.0001832920000026661,0.25250212500000657,0.3563443339999992
896,0.00018483299999161318,0.2539492500000051,0.38007812500001137
897,0.00017804200001592108,0.2654043749999744,0.3518343749999815
898,0.0001774579999960224,0.2577882500000044,0.358492291999994
899,0.00018424999998956082,0.2536225839999986,0.35323479100000554
900,0.0001832920000026661,0.25441429199997856,0.3544512910000037
901,0.00018133300000044983,0.25354450000000384,0.36334350000001336
902,0.00019199999999841566,0.26829216699999847,0.35685804199999893
903,0.0001875830000130918,0.25945483400002445,0.3575004169999829
904,0.00018449999998892963,0.2596307500000137,0.36358341700000096
905,0.0001821669999912956,0.26208637499999554,0.36094424999998864
906,0.00018158299999981864,0.26961170800001355,0.36087729199999785
907,0.00018249999999397915,0.26088199999998096,0.36586324999998965
908,0.000187124999996513,0.264364334000021,0.3609298750000107
909,0.00018504100000882318,0.2656076669999834,0.3616822920000118
910,0.0001862089999917771,0.25449937499999464,0.36926983300000416
911,0.00018433299999287556,0.2640145000000018,0.3633839170000215
912,0.00018066600000565813,0.26717949999999746,0.36967749999999455
913,0.00018154099998923812,0.26483799999999746,0.3753860829999951
914,0.00018733299998530129,0.2675937909999959,0.37132529199999453
915,0.0001848750000021937,0.2661618330000124,0.36592579200001296
916,0.00018154099998923812,0.26780095800000936,0.37346900000000005
917,0.00019062500001609806,0.26857445799998914,0.3675662079999995
918,0.00018795899998735877,0.279528957999986,0.3685302919999742
919,0.00018337500000598084,0.2636027079999792,0.3764786250000043
920,0.00018400000001861372,0.2701728330000037,0.3700047080000104
921,0.00018858399999999165,0.26837637500000255,0.37135491600000137
922,0.00018904199998814875,0.2767169579999802,0.37839850000000297
923,0.00018362499997692794,0.2590999580000073,0.3729398339999932
924,0.0001846250000028249,0.27263695799999255,0.3738606659999846
925,0.00019108400002210146,0.27467441699999995,0.38162441599999397
926,0.00018820900001514929,0.2713649160000102,0.3746785829999908
927,0.000184874999973772,0.27756204199999956,0.37798608399998557
928,0.00018404200000077253,0.2736370000000079,0.3850960000000043
929,0.00018995900001073096,0.2772279160000153,0.3795412499999884
930,0.0001932080000131009,0.27726795899999956,0.37991970799998853
931,0.00018549999998640487,0.2702467919999947,0.38718224999999507
932,0.0001880000000085147,0.2724248750000129,0.38278024999999616
933,0.00019566699998563308,0.27894075000000385,0.3832970830000022
934,0.00019337500000915497,0.2847144580000247,0.38980616699998905
935,0.00018662499999777538,0.28377816700000835,0.38420704099999625
936,0.00018654100000503604,0.28021799999999075,0.38390624999999545
937,0.00019216700002289144,0.28482995900000674,0.39451279200000045
938,0.00019237499998325802,0.2803412499999922,0.3850045410000007
939,0.0001897920000146769,0.27728650000000243,0.38551824999998985
940,0.00018683400000440997,0.29381424999999695,0.3931508339999823
941,0.00019266600000378276,0.2838558750000004,0.38757083299998385
942,0.0001950420000014219,0.28453504199998747,0.38775541699999394
943,0.0001882500000078835,0.2795283330000018,0.3960397499999999
944,0.0001868749999971442,0.2824368750000019,0.38984016699998847
945,0.00019529200000079072,0.2858052910000026,0.3908849579999867
946,0.00019533299999352494,0.2841520409999987,0.3985501250000141
947,0.00019316600000252038,0.2922768749999989,0.3922166250000032
948,0.0001907090000088374,0.2906753329999958,0.39333454199999096
949,0.00019779199999447883,0.2834622500000137,0.40123287500000515
950,0.00019991600001389997,0.2951799170000129,0.39425658299998645
951,0.00019179200000962737,0.28450687500000527,0.3958219579999991
952,0.00018949999997630584,0.30045283300000847,0.4032891250000148
953,0.00019512500000473665,0.28524637500001404,0.3971493749999979
954,0.0001979580000011083,0.2911375410000119,0.3982140409999886
955,0.00019220900000505026,0.2920733750000011,0.4056774590000032
956,0.00020033299998090115,0.293297750000022,0.40004470899998523
957,0.0001977499999838983,0.29304533399999855,0.4010948330000019
958,0.00019700000001421358,0.2991001659999881,0.40849249999999415
959,0.00019087500001546687,0.2958379580000212,0.4023913329999971
960,0.00019191699999510092,0.2811668749999967,0.403167499999995
961,0.0001977080000017395,0.2900230420000014,0.41203145799997287
962,0.0001963340000088465,0.2990670840000007,0.40480550000000903
963,0.00019170799998846633,0.2909507500000075,0.4061654580000038
964,0.00019154200001025856,0.2899448750000033,0.4137694169999975
965,0.00019733299998847542,0.2945091249999905,0.40725408400001584
966,0.000204957999983435,0.30480700000001093,0.40796087500001477
967,0.00019674999998642306,0.30345983399999454,0.4169654590000107
968,0.00019258300000046802,0.3045309999999972,0.4098629169999981
969,0.00019925000000853288,0.2969426659999783,0.4107198750000123
970,0.00019733400000632173,0.3007162499999936,0.41895537500002433
971,0.0001954580000074202,0.30290745799999286,0.41267545900001323
972,0.0001932079999846792,0.2912152080000112,0.41283879100001286
973,0.0002002079999954276,0.29963754199999926,0.4213410000000124
974,0.0001986249999959,0.2948936250000145,0.41503154200000836
975,0.00019399999999336615,0.3007472500000006,0.4246803750000083
976,0.00019633299999100018,0.30579433299999437,0.42670320900001
977,0.00020037499999148167,0.2962361250000072,0.42543537499997797
978,0.00020008300000995405,0.31670666599998754,0.41853412500000786
979,0.00019520800000805139,0.29928774999999064,0.42693320800000834
980,0.00019537500000410546,0.3105658750000089,0.4206577919999859
981,0.0002033339999911732,0.29597929100000897,0.4237237090000008
982,0.00020258399999306675,0.3012165419999917,0.4298695420000058
983,0.00019745800000237068,0.30804691700001285,0.42255012499998656
984,0.00019575000001736953,0.31795695799999635,0.424386209000005
985,0.00020287499998516978,0.3119753330000208,0.4354274579999924
986,0.00020250000000032742,0.30762395799999354,0.4268385409999951
987,0.00019804100000442304,0.32199266599999987,0.43076504200001864
988,0.000196582999990369,0.3093208749999974,0.43643474999998944
989,0.00022079100000382823,0.312180082999987,0.4297937919999981
990,0.0002033750000123291,0.30274945799999387,0.43019054100000176
991,0.0001977090000195858,0.3203474169999936,0.43968008300001316
992,0.00019991600001389997,0.31810779099998854,0.43179779199999757
993,0.00020725000001675653,0.3125806670000202,0.4331825000000151
994,0.00020691700001407298,0.3134914999999978,0.4396483339999975
995,0.00020012499999211286,0.3165623749999895,0.4329906659999949
996,0.0001977090000195858,0.31907862500000306,0.434082917000012
997,0.00020508400001517657,0.3160659579999958,0.44259908399999404
998,0.00020574999999212196,0.3088233750000029,0.43584187499999416
999,0.0001990829999840571,0.3168337500000007,0.43796837499999697
