5,3.2910000000024864e-06,1.679100000000211e-05,1.566699999999699e-05
6,2.0839999999994197e-06,8.958000000003352e-06,2.241700000000374e-05
7,2.2080000000035405e-06,1.72089999999972e-05,2.9833999999999417e-05
8,2.4169999999976155e-06,1.866699999999999e-05,3.854200000000252e-05
9,2.7079999999971016e-06,2.5499999999997747e-05,4.925000000000068e-05
10,3.0000000000030003e-06,4.737499999999534e-05,6.012500000000115e-05
11,3.2089999999970753e-06,6.312500000000415e-05,7.175000000000237e-05
12,3.333000000001196e-06,4.616600000000026e-05,8.491699999999686e-05
13,3.625000000000156e-06,6.0999999999998555e-05,9.954200000000107e-05
14,3.915999999999642e-06,7.487499999999508e-05,0.00011470799999999809
15,4.125000000000656e-06,8.86670000000006e-05,0.00013200000000000017
16,4.54200000000321e-06,0.00012962500000000127,0.00015041600000000044
17,4.7499999999978115e-06,0.0001312090000000002,0.00016858299999999993
18,4.917000000000116e-06,9.833299999999906e-05,0.00018895799999999602
19,5.207999999999602e-06,0.00013245799999999502,0.00021437499999999582
20,5.79200000000446e-06,0.00016250000000000292,0.00023283300000000173
21,5.625000000002156e-06,0.00017562500000000564,0.0002561660000000021
22,5.83400000000317e-06,0.00020020800000000033,0.00028054099999999527
23,6.041000000005237e-06,0.0002524590000000035,0.0003063329999999989
24,6.458000000000852e-06,0.0002428330000000048,0.00033420799999999556
25,6.624999999996217e-06,0.0002577080000000023,0.0003678750000000036
26,6.875000000003406e-06,0.0002546250000000014,0.000390791999999994
27,7.166000000002892e-06,0.0002293339999999977,0.000395791999999999
28,6.8329999999977575e-06,0.00035304199999999786,0.0004390420000000006
29,7.415999999996203e-06,0.00032320799999999844,0.0004486250000000011
30,7.290999999999548e-06,0.00034820899999999516,0.0004799169999999964
31,7.500000000000562e-06,0.0003119999999999998,0.0005109169999999996
32,7.833000000005697e-06,0.00037787499999999974,0.000545625000000001
33,8.165999999996953e-06,0.00046520900000000115,0.0005777909999999942
34,8.208000000002602e-06,0.0004543330000000012,0.0006145420000000026
35,8.500000000001562e-06,0.0004805829999999997,0.0006079580000000057
36,8.083999999998481e-06,0.00047612500000000085,0.0006421659999999996
37,8.332999999999258e-06,0.0004575419999999983,0.0006764580000000048
38,8.500000000001562e-06,0.00046750000000000264,0.0007244589999999967
39,8.624999999998217e-06,0.0005002500000000007,0.0007583749999999986
40,8.917000000004116e-06,0.0005546249999999961,0.0007921659999999969
41,9.125000000005656e-06,0.0005515840000000008,0.0008335840000000053
42,9.374999999998967e-06,0.0005658330000000017,0.000840500000000001
43,9.041000000001298e-06,0.0006341659999999985,0.0008476670000000033
44,9.124999999998717e-06,0.0006303750000000025,0.0008891250000000045
45,9.374999999998967e-06,0.0006121669999999968,0.0009264159999999994
46,9.833000000000758e-06,0.000715333999999998,0.0009775000000000061
47,9.709000000010515e-06,0.0007409999999999917,0.001009625
48,9.915999999998704e-06,0.0007086669999999962,0.0010554589999999947
49,1.008400000000742e-05,0.0007308750000000058,0.001057791999999988
50,1.0833000000001758e-05,0.000764332999999992,0.0011024169999999944
51,1.0915999999999704e-05,0.0007387499999999964,0.0011629579999999917
52,1.1041000000003298e-05,0.000759459000000004,0.0012221659999999968
53,1.0874999999993529e-05,0.0008745420000000059,0.00130050000000001
54,1.1166999999992488e-05,0.0009570420000000052,0.0013001659999999915
55,1.1250000000004312e-05,0.0009830420000000034,0.0013130829999999927
56,1.1875000000008407e-05,0.001055334000000005,0.001345625000000003
57,1.1625000000001218e-05,0.0009167079999999883,0.0013934580000000002
58,1.1875000000008407e-05,0.0010599169999999936,0.0014510830000000058
59,1.3334000000003732e-05,0.001092875000000007,0.0015448340000000088
60,1.2166000000007893e-05,0.001105415999999998,0.0016114579999999962
61,1.254099999999092e-05,0.001068874999999997,0.0015986250000000063
62,1.2749999999991934e-05,0.0011794169999999882,0.00164616699999999
63,1.3209000000000137e-05,0.0011482089999999973,0.001713667000000002
64,1.3458999999993448e-05,0.001327250000000002,0.0017777920000000003
65,1.329099999999861e-05,0.001219625000000002,0.0019005419999999912
66,1.362499999998934e-05,0.0012452079999999977,0.0019175830000000005
67,1.3708000000001164e-05,0.0014755000000000046,0.0019187499999999968
68,1.3750000000006812e-05,0.0014977080000000004,0.001967042000000002
69,1.4249999999993435e-05,0.0013584160000000012,0.002126375
70,1.445800000002273e-05,0.0016533330000000068,0.002160042000000001
71,1.4791000000013987e-05,0.0015343750000000045,0.0021638750000000095
72,1.545899999999545e-05,0.001475791000000004,0.0022056669999999945
73,1.5167000000010367e-05,0.0017454580000000053,0.002293750000000011
74,1.5167000000010367e-05,0.0013765830000000145,0.002458167000000011
75,1.5292000000000083e-05,0.0017694169999999954,0.0024006250000000173
76,1.5249999999994435e-05,0.0016422500000000118,0.0024834999999999996
77,1.5957999999982597e-05,0.001769167000000016,0.002565249999999991
78,1.5791999999986706e-05,0.002024082999999982,0.0026966670000000137
79,1.6125000000005718e-05,0.0018239170000000082,0.0026972910000000183
80,1.6375000000012907e-05,0.0020488750000000056,0.0027242080000000057
81,1.6749999999982057e-05,0.002102875000000004,0.0028922090000000067
82,1.687499999999953e-05,0.002150666999999995,0.0029345419999999844
83,1.7084000000000543e-05,0.002336875000000016,0.0031122909999999893
84,1.7665999999999515e-05,0.002318166999999982,0.003158666999999976
85,1.7500000000003624e-05,0.002358083000000011,0.0031238329999999925
86,1.7833999999994354e-05,0.002426874999999995,0.003147000000000011
87,1.762499999999334e-05,0.0018792909999999774,0.003349415999999994
88,1.8249999999997435e-05,0.0022437919999999945,0.003302499999999986
89,2.745799999998022e-05,0.002478791000000008,0.0034075000000000077
90,1.866699999999999e-05,0.002608667000000009,0.0035269169999999905
91,1.7958000000012353e-05,0.0021896250000000006,0.003506541000000002
92,1.887500000000153e-05,0.002493667000000005,0.00372900000000001
93,1.9916999999980423e-05,0.0026837500000000125,0.0037329170000000023
94,1.9457999999999975e-05,0.00240183300000002,0.003798291999999981
95,2.133300000001226e-05,0.002828250000000032,0.004040167000000039
96,1.9624999999967585e-05,0.002857665999999981,0.0039193339999999965
97,2.2999999999995246e-05,0.003114916999999995,0.00418391600000001
98,2.0000000000020002e-05,0.0028362080000000067,0.004096541000000009
99,1.9582999999989692e-05,0.0032236659999999584,0.004398000000000013
100,2.295899999998907e-05,0.0029408340000000033,0.004333083000000015
101,2.1625000000025096e-05,0.0031284169999999945,0.004427208000000016
102,2.0957999999959842e-05,0.0031857500000000427,0.004463834
103,2.0167000000015367e-05,0.0031586249999999705,0.004552459000000009
104,2.1540999999958288e-05,0.0034946669999999513,0.004772041000000005
105,2.0666999999974234e-05,0.0034393749999999668,0.004801
106,2.1707999999953653e-05,0.0037990420000000302,0.004814792000000012
107,2.2041999999999895e-05,0.00317466700000002,0.00504908300000001
108,2.3292000000008084e-05,0.003983457999999995,0.005150874999999999
109,2.4000000000024002e-05,0.0037448750000000364,0.005237916999999981
110,2.6166999999965856e-05,0.003718124999999961,0.005210749999999986
111,2.2749999999960302e-05,0.0038297090000000145,0.005398041999999992
112,2.1790999999993232e-05,0.003893042000000013,0.005344624999999992
113,2.725000000003419e-05,0.004091624999999988,0.005532666999999991
114,2.2250000000001435e-05,0.0037224590000000113,0.005592417000000016
115,2.3582999999993692e-05,0.004350709000000008,0.0056098330000000085
116,2.5124999999959208e-05,0.0040699169999999785,0.006014124999999981
117,2.366700000000499e-05,0.004180832999999995,0.005812582999999982
118,2.5416999999972045e-05,0.004534040999999989,0.005943625000000008
119,2.4333000000043015e-05,0.004139082999999988,0.006207666000000001
120,2.450000000003838e-05,0.004523957999999995,0.006116334000000001
121,2.462500000000034e-05,0.004591040999999962,0.006285374999999982
122,2.379199999996695e-05,0.004534207999999984,0.00654529199999998
123,2.662499999994683e-05,0.0047061250000000054,0.006408124999999987
124,2.7167000000050123e-05,0.004872125000000005,0.006553999999999949
125,2.712500000001672e-05,0.004516666999999974,0.006849582999999937
126,2.4666999999922723e-05,0.004427750000000064,0.006822792000000022
127,2.6874999999981775e-05,0.005471000000000004,0.006834958999999974
128,2.8458000000064487e-05,0.0045596669999999895,0.007085709000000051
129,2.5290999999927344e-05,0.005056124999999967,0.007265332999999985
130,2.5374999999994152e-05,0.005408832999999946,0.007250375000000031
131,2.6707999999930898e-05,0.0053277499999999645,0.007293709000000037
132,2.6916999999904156e-05,0.005176084000000025,0.007467375000000054
133,2.9292000000014085e-05,0.00541075000000002,0.007957207999999993
134,2.737499999994064e-05,0.005692915999999992,0.007950040999999963
135,2.7874999999899508e-05,0.0052856250000000715,0.007884916000000075
136,2.820799999991852e-05,0.0057057079999999205,0.007881000000000027
137,2.9292000000014085e-05,0.005629749999999989,0.007947499999999996
138,3.0666000000012517e-05,0.005829832999999951,0.008152666999999947
139,2.9292000000014085e-05,0.005871332999999979,0.008411999999999975
140,2.891599999998995e-05,0.005550667000000065,0.008568832999999998
141,2.7624999999975586e-05,0.006008790999999958,0.008632875000000095
142,2.8457999999953465e-05,0.006083375000000002,0.008725709000000026
143,3.091700000001918e-05,0.006104208,0.008784874999999914
144,2.9290999999931344e-05,0.006716125000000073,0.008870040999999995
145,2.9916999999990423e-05,0.006666249999999985,0.008948916000000029
146,2.966699999995548e-05,0.0069762919999999395,0.009054208000000008
147,3.0332999999993504e-05,0.007229375000000093,0.009201832999999993
148,2.999999999997449e-05,0.006802874999999986,0.00933633300000003
149,3.041699999994929e-05,0.006556500000000076,0.009410165999999998
150,3.0250000000009436e-05,0.007291374999999989,0.009571332999999904
151,3.0458000000010976e-05,0.006587041000000071,0.009701207999999961
152,3.11669999999431e-05,0.007278666000000045,0.009935208000000029
153,3.104200000003665e-05,0.006997625000000007,0.010087292000000025
154,3.649999999999487e-05,0.007177707999999949,0.01075366600000005
155,3.524999999993117e-05,0.007553958000000027,0.010614499999999971
156,3.179099999994772e-05,0.007872375000000043,0.010550750000000164
157,3.158400000002892e-05,0.007133957999999829,0.010692667000000045
158,3.174999999999706e-05,0.006843124999999839,0.010733667000000002
159,3.183300000020317e-05,0.007306874999999824,0.010815208999999992
160,3.420899999984073e-05,0.007864416999999957,0.010894208000000072
161,3.262500000000834e-05,0.007352833000000114,0.011008874999999918
162,3.304200000009416e-05,0.0080039999999999,0.011337334000000032
163,3.333300000019079e-05,0.007627625000000027,0.011486832999999974
164,3.250000000010189e-05,0.007355707999999961,0.011694582999999925
165,3.566700000012801e-05,0.007898167000000011,0.011676624999999996
166,3.229199999998933e-05,0.008374458000000029,0.0117170000000002
167,3.5082999999991316e-05,0.00814312500000014,0.012151667000000144
168,3.39169999998834e-05,0.00925837499999993,0.012215541999999857
169,3.6249999999959925e-05,0.008700791999999957,0.012173417000000075
170,3.59580000000026e-05,0.009169457999999908,0.012382208000000006
171,3.437500000003091e-05,0.008086291999999995,0.012664209000000204
172,3.6458999999933184e-05,0.008173417000000072,0.012715417000000118
173,3.500000000000725e-05,0.009679875000000004,0.012743292000000128
174,3.545799999993271e-05,0.009544250000000032,0.013112124999999919
175,3.57080000001897e-05,0.009954958000000014,0.013092040999999943
176,3.7292000000022085e-05,0.009681667000000171,0.01325866699999989
177,3.7290999999939345e-05,0.00884599999999991,0.013484457999999977
178,3.762499999981905e-05,0.00983533400000014,0.013534833000000024
179,3.799999999998249e-05,0.009892207999999902,0.013832999999999984
180,3.712499999997121e-05,0.009999832999999958,0.013813041999999998
181,3.904200000004465e-05,0.009657000000000027,0.014118333999999955
182,3.6542000000139296e-05,0.009704208000000047,0.014219415999999985
183,4.062500000001634e-05,0.009680083999999978,0.014457375000000106
184,3.691599999999795e-05,0.008986708000000121,0.014558917000000005
185,3.9917000000055936e-05,0.010481292000000142,0.014693375000000009
186,3.820799999987301e-05,0.010305332999999806,0.014815500000000092
187,3.7915999999915684e-05,0.010343541999999983,0.015053874999999994
188,3.783300000015366e-05,0.010495707999999881,0.01511395900000001
189,3.83339999998622e-05,0.011041416999999942,0.015333499999999889
190,3.920800000001279e-05,0.011170833999999852,0.015430292000000012
191,3.9082999999884294e-05,0.01127470900000005,0.015686874999999878
192,3.870900000002564e-05,0.011190374999999975,0.015837875000000112
193,3.912500000002872e-05,0.011379958000000023,0.015993415999999927
194,4.0041999999962385e-05,0.011543167000000132,0.01629949999999991
195,4.116599999992587e-05,0.011165708000000052,0.016378333000000023
196,3.933299999991924e-05,0.011322833000000143,0.016819165999999885
197,3.983299999998913e-05,0.012264167000000104,0.01667799999999997
198,4.104199999988012e-05,0.01140329200000001,0.016910750000000085
199,4.0166999999868835e-05,0.01192800000000016,0.01690845800000007
200,4.0457999999965466e-05,0.01250725000000008,0.01709379199999983
201,4.320800000012781e-05,0.012182541000000047,0.017311582999999686
202,4.0665999999855984e-05,0.011988957999999883,0.017522625000000236
203,4.441700000024085e-05,0.013274459000000238,0.01769520800000013
204,4.266600000013554e-05,0.013061333000000008,0.01789112500000023
205,4.3042000000159675e-05,0.012049499999999824,0.017909541000000306
206,4.387499999980449e-05,0.013421583000000403,0.01820825000000026
207,4.425000000018997e-05,0.013388792000000205,0.018260125000000293
208,4.399999999993298e-05,0.013619750000000153,0.018458584000000222
209,4.450000000000287e-05,0.013611416999999904,0.019605541999999865
210,4.2749999999980304e-05,0.014164708000000026,0.019523833000000046
211,4.445900000016323e-05,0.01230137500000028,0.01903991699999974
212,4.2833000000186416e-05,0.014105874999999823,0.019205959000000217
213,4.3290999999889834e-05,0.013789957999999825,0.01933316699999965
214,4.5416999999936536e-05,0.013349792000000082,0.019579333000000254
215,4.3332999999812216e-05,0.013737290999999985,0.019690874999999775
216,4.362499999999159e-05,0.014950959000000097,0.019915915999999978
217,4.474999999981577e-05,0.014938708999999939,0.020046750000000113
218,4.5666999999749436e-05,0.014529333000000033,0.020269083000000077
219,4.4625000000131365e-05,0.014727499999999782,0.020640457999999917
220,4.6500000000282427e-05,0.014992208000000229,0.02086308300000006
221,4.558299999990467e-05,0.01495754199999988,0.020875832999999844
222,4.633300000023155e-05,0.014350165999999831,0.020994417000000265
223,4.5957999999846066e-05,0.015426165999999686,0.021171250000000086
224,4.687500000022382e-05,0.014905083000000374,0.02144912500000018
225,4.7208999999881485e-05,0.014152957999999938,0.02176454200000011
226,4.762499999966252e-05,0.015483125000000264,0.02193574999999992
227,4.783299999999713e-05,0.016112833000000215,0.021919375000000407
228,5.4458000000146e-05,0.01627687499999997,0.022267459000000045
229,4.683399999994009e-05,0.015546166999999667,0.02241666699999989
230,4.8499999999673804e-05,0.015511624999999807,0.022496583000000125
231,4.77919999997134e-05,0.01714729199999976,0.02292920899999995
232,4.841700000035587e-05,0.016884915999999972,0.022967541000000313
233,4.558299999990467e-05,0.01716237499999984,0.023188792000000014
234,5.0417000000191337e-05,0.016276709,0.023530083000000257
235,4.758300000018423e-05,0.016833500000000168,0.023636499999999838
236,4.858299999987992e-05,0.017578333999999973,0.023901916999999884
237,5.0374999999824865e-05,0.017120916999999736,0.023856958000000095
238,4.9583000000019695e-05,0.01780008399999966,0.02429816699999998
239,4.7958999999764274e-05,0.016309083000000335,0.02432791699999992
240,5.0916999999817136e-05,0.01651437499999986,0.02474833299999979
241,5.045900000011372e-05,0.016798542000000083,0.024806625000000082
242,5.1707999999983656e-05,0.017946042000000162,0.024985041999999957
243,4.8792000000297264e-05,0.017890415999999743,0.025283125000000073
244,4.833300000006702e-05,0.017979583000000243,0.02537962500000024
245,4.870800000000841e-05,0.017723082999999917,0.025720166999999794
246,4.8834000000219646e-05,0.01862337500000022,0.025893333000000407
247,4.995799999996109e-05,0.017753416000000133,0.02601566600000016
248,5.212499999984743e-05,0.017729207999999996,0.026377833999999822
249,5.970900000029644e-05,0.019264457999999873,0.026519416999999823
250,5.183300000011215e-05,0.019818333999999993,0.026674708999999908
251,5.212500000029152e-05,0.01899083300000015,0.02690658399999979
252,5.154199999957143e-05,0.018831207999999933,0.02702254100000001
253,4.966699999986446e-05,0.0192033330000001,0.02728850000000005
254,5.833400000021527e-05,0.019503250000000527,0.027575291999999862
255,6.12909999997413e-05,0.01956570899999921,0.02774225000000019
256,5.2457999999866445e-05,0.019176500000000374,0.028085458999999702
257,5.145899999980941e-05,0.019810708999999704,0.02822420800000014
258,5.191600000031826e-05,0.020854542000000365,0.028449208000000503
259,5.3792000000107976e-05,0.020747499999999697,0.02869445799999948
260,5.2166999999769814e-05,0.02067608400000065,0.030239791000000515
261,5.5582999999970184e-05,0.02170258299999972,0.029156667000000525
262,5.499999999969418e-05,0.02156324999999981,0.02934179200000031
263,5.316599999982685e-05,0.02148708300000024,0.029587083000000014
264,5.4625000000640966e-05,0.021315625000000615,0.029942582999999523
265,5.5041999999616564e-05,0.02215549999999933,0.029923415999999925
266,5.3708999999457774e-05,0.022398500000000432,0.030607457999999532
267,5.599999999983396e-05,0.022974541999999154,0.03048258400000048
268,5.3291999999594e-05,0.02121262500000043,0.030743667000000308
269,5.3250000000559794e-05,0.023009583000000333,0.030966250000000528
270,5.470900000048573e-05,0.02124795800000001,0.031111084000000844
271,5.787499999954093e-05,0.02263133300000053,0.03149408300000012
272,5.679100000044457e-05,0.022389916999999926,0.03164691599999969
273,5.516700000018915e-05,0.022406083999999993,0.031906958999999624
274,5.533300000060137e-05,0.023905166999999672,0.03204295899999998
275,5.591700000007194e-05,0.023522416999999685,0.032190124999999625
276,5.33750000002442e-05,0.02368229200000016,0.03240674999999982
277,5.762500000017212e-05,0.02359620799999984,0.03284412499999956
278,5.570799999965459e-05,0.025007207999999892,0.03309104200000057
279,5.620899999936313e-05,0.024496000000000073,0.03312241600000032
280,5.591700000007194e-05,0.023435040999999934,0.033473458000000456
281,5.620800000016857e-05,0.02473795899999942,0.03361512499999986
282,5.687500000028933e-05,0.024610749999999904,0.03397370900000052
283,5.6666999999954726e-05,0.025760665999999155,0.034201082999999244
284,5.599999999983396e-05,0.025713500000000167,0.034434292000000255
285,5.687500000028933e-05,0.02533404199999989,0.03466041600000036
286,5.8541000000467136e-05,0.025385124999999675,0.03513949999999966
287,5.808299999987554e-05,0.02505337499999971,0.035153833000000745
288,6.0791999999310065e-05,0.02696516700000018,0.03543304200000019
289,5.7458000000565335e-05,0.026721375000000158,0.03583258300000036
290,5.762500000017212e-05,0.02473508300000038,0.035921749999999975
291,5.6166000000246186e-05,0.024200084000000288,0.03629616699999971
292,5.699999999997374e-05,0.025547374999999484,0.03662108400000008
293,5.583300000022717e-05,0.026358416999999967,0.03659283300000027
294,5.762500000017212e-05,0.027088875000000456,0.036820540999999984
295,6.079200000019824e-05,0.0273224170000006,0.037049042000000476
296,5.80420000000359e-05,0.02817062500000045,0.03739312499999947
297,5.870800000007392e-05,0.027405124999999586,0.03748820900000016
298,5.937500000019469e-05,0.026302499999999895,0.0380566249999994
299,5.929199999954449e-05,0.02780212500000001,0.038033582999999815
300,5.920799999969972e-05,0.02912920799999963,0.03848108300000064
301,5.9000000000253294e-05,0.028129416999999712,0.038628292000000286
302,5.879099999983595e-05,0.02710087499999947,0.038975875000000215
303,6.016699999999986e-05,0.02815958399999996,0.03903379199999968
304,6.062499999970328e-05,0.02862600000000004,0.03959916699999955
305,5.958299999964112e-05,0.02839679199999967,0.03970279100000074
306,6.0582999999780895e-05,0.028246166999999822,0.04003774999999976
307,6.116700000013964e-05,0.02964475000000011,0.04046699999999959
308,8.041599999941695e-05,0.030135459000000253,0.04039666699999955
309,6.041700000025685e-05,0.02890337499999962,0.04075912499999923
310,6.137499999958607e-05,0.02991666600000009,0.04108608299999972
311,6.183300000017766e-05,0.02937170800000022,0.04136379200000029
312,6.174999999952746e-05,0.030581083000000397,0.04143199999999947
313,6.137500000047424e-05,0.028921333999999632,0.04197383300000013
314,6.124999999990166e-05,0.030523792000000327,0.04226550000000007
315,6.283300000031744e-05,0.030941874999999897,0.042232540999999735
316,6.466600000010203e-05,0.0319629999999993,0.042830874999999935
317,6.204100000051227e-05,0.03132254199999984,0.04296066700000001
318,6.299999999903605e-05,0.03052066700000111,0.0431423329999987
319,6.362499999923443e-05,0.030351541000001703,0.043687042000000176
320,6.383299999868086e-05,0.03176749999999906,0.04375820900000171
321,6.304199999895843e-05,0.03248020799999907,0.04405308299999966
322,6.349999999955003e-05,0.033202959000000476,0.04446549999999938
323,6.441599999895686e-05,0.03127766600000115,0.044534625000000716
324,6.495799999939322e-05,0.033410083999999785,0.044824499999998935
325,6.383300000045722e-05,0.03285787499999948,0.04536520899999985
326,6.404099999990365e-05,0.032091750000001085,0.04540187499999959
327,6.429099999927246e-05,0.03191945900000093,0.045639459000000215
328,6.345899999971039e-05,0.034079750000000075,0.0462391249999996
329,6.49999999993156e-05,0.03177866699999932,0.04627408399999844
330,6.508399999916037e-05,0.032461333000000536,0.04652245799999832
331,6.579199999912078e-05,0.033404625000001076,0.047101624999999814
332,6.583299999896042e-05,0.034601290999999534,0.04715329099999899
333,6.566600000112999e-05,0.03244650000000071,0.04743129100000054
334,6.38339999987636e-05,0.034840166000000394,0.0479879590000003
335,6.654100000069718e-05,0.03495645799999991,0.047843999999999554
336,6.670800000030397e-05,0.03434787499999992,0.048416832999999215
337,6.754099999994878e-05,0.03386654100000008,0.04873458399999997
338,6.645800000093516e-05,0.03589400000000076,0.048996541999999366
339,6.85839999992055e-05,0.032343167000000506,0.049659583000000396
340,7.220800000062866e-05,0.044170624999999575,0.05284099999999903
341,7.008299999888834e-05,0.03906062500000118,0.053636292000000196
342,6.579199999912078e-05,0.03556904200000055,0.05002649999999953
343,6.858299999912276e-05,0.037889083999999684,0.05073637499999961
344,6.812500000030752e-05,0.034934625,0.050613374999999294
345,6.687499999991076e-05,0.037526959000000915,0.051040874999999986
346,6.899999999987472e-05,0.03903283400000035,0.05110233300000111
347,6.854199999928312e-05,0.036876042000001164,0.05161166699999953
348,6.866700000074388e-05,0.03686195900000122,0.051621958000000134
349,6.90419999997971e-05,0.03669366600000146,0.05227741700000088
350,6.983399999960227e-05,0.03728254199999981,0.052307208000000216
351,6.941699999885032e-05,0.03910712499999924,0.05247908399999979
352,6.937500000070429e-05,0.038498542000001024,0.053217124999999754
353,7.00419999990487e-05,0.040720165999999836,0.05311537500000085
354,6.862499999904514e-05,0.03721204200000017,0.053554500000000616
355,6.987500000121827e-05,0.03889487500000044,0.054038709000000296
356,7.037500000173225e-05,0.04032845800000118,0.0540655000000001
357,7.087500000046987e-05,0.040308542,0.054424000000000916
358,7.120899999968344e-05,0.037862541999999166,0.05502099999999999
359,7.083399999885387e-05,0.0398275409999993,0.05488616599999929
360,7.054200000133903e-05,0.04100116699999923,0.05529070800000113
361,7.187499999972147e-05,0.0405379589999999,0.05591083300000044
362,7.162500000035266e-05,0.04139108299999883,0.05589108300000056
363,7.208300000094425e-05,0.04231316599999957,0.05619241600000002
364,7.270900000122538e-05,0.04129387499999915,0.05690820800000118
365,7.145899999905225e-05,0.04087820899999883,0.056837125000001265
366,7.175000000003706e-05,0.04053500000000021,0.057199834000000394
367,7.312500000011823e-05,0.04276895799999991,0.057851874999999
368,7.341699999940943e-05,0.04287662499999989,0.05772658399999919
369,7.329199999972502e-05,0.04125099999999904,0.058072375000000065
370,7.23340000003958e-05,0.041883625000000535,0.05882137500000084
371,7.3792000000239e-05,0.042061499999999086,0.05869550000000068
372,7.216699999901266e-05,0.04281479199999971,0.05923520800000048
373,7.362500000063221e-05,0.043724041000000824,0.05980474999999963
374,7.170800000011468e-05,0.04457083399999995,0.05968383299999935
375,7.4916999999175e-05,0.04506916699999941,0.060022124999999704
376,7.433400000067536e-05,0.04469066599999927,0.06111108300000012
377,7.412500000114619e-05,0.04407858299999923,0.060655792000000375
378,7.429200000075298e-05,0.044837541999999786,0.06099700000000041
379,7.612499999964939e-05,0.04385674999999978,0.06173749999999956
380,7.554200000114975e-05,0.04227687500000066,0.06161158300000125
381,7.470799999964584e-05,0.04689266699999983,0.061921999999999144
382,7.470899999972858e-05,0.04352862500000043,0.0628107920000005
383,7.645800000055658e-05,0.045296875000000014,0.06263870899999979
384,7.729200000028413e-05,0.04682529199999941,0.06305820800000106
385,7.57919999987422e-05,0.04463475000000017,0.06377716699999958
386,7.566700000083415e-05,0.04838945800000083,0.06364179200000031
387,7.737500000004616e-05,0.04717520799999875,0.06398708299999889
388,7.758299999949259e-05,0.04799095799999975,0.06495024999999899
389,7.687499999953218e-05,0.04840754199999964,0.0645868329999999
390,7.4916999999175e-05,0.04615841699999912,0.0649588750000003
391,7.920899999902531e-05,0.048402582999999666,0.06579141599999971
392,7.904200000119488e-05,0.04842608399999904,0.0656678330000009
393,7.758399999957533e-05,0.04654883300000101,0.06595229100000033
394,7.729200000028413e-05,0.046490999999999616,0.06679133399999948
395,7.816599999976859e-05,0.048273250000001156,0.06671787500000015
396,7.916699999910293e-05,0.049442292000000165,0.0670757910000006
397,7.870800000020495e-05,0.04869087500000013,0.06784870899999973
398,7.875000000012733e-05,0.05056220899999886,0.06770816599999918
399,8.25840000011624e-05,0.04760833299999945,0.06788400000000117
400,8.020799999997053e-05,0.050261749999998884,0.06995379199999796
401,7.858300000052054e-05,0.050434041999999124,0.06871933400000074
402,7.86670000003653e-05,0.04828416600000196,0.06910183400000136
403,8.112499999768374e-05,0.04922729100000112,0.0702565419999992
404,8.024999999989291e-05,0.05375766699999929,0.06984170799999845
405,7.966700000139326e-05,0.050725166999999516,0.07016199999999984
406,7.970900000131564e-05,0.05312233300000102,0.07095816600000049
407,8.145800000036729e-05,0.050762500000001154,0.07070187500000102
408,8.170899999981884e-05,0.052819291999998796,0.07117287500000202
409,8.016600000004814e-05,0.051611292000000475,0.07152091600000077
410,8.116699999760613e-05,0.05457558300000187,0.07254087500000139
411,8.029099999973255e-05,0.052046374999999756,0.07229420899999894
412,8.150000000028967e-05,0.05391191699999709,0.07307508399999918
413,8.275000000068644e-05,0.053842583000001554,0.0729913749999973
414,8.258300000107965e-05,0.0526552080000009,0.07318266699999754
415,8.179099999949813e-05,0.05472650000000101,0.07417412500000253
416,8.22499999983961e-05,0.054805458000000584,0.07388516600000017
417,8.341599999894811e-05,0.05509054199999852,0.07428620800000019
418,8.383300000147642e-05,0.056174250000001535,0.07537087500000084
419,8.195799999910491e-05,0.054254541999998906,0.07520129199999914
420,8.349999999879287e-05,0.05596824999999939,0.07540150000000168
421,8.412500000076761e-05,0.05655533400000223,0.076493499999998
422,8.41249999972149e-05,0.05655775000000318,0.07603687499999978
423,8.362499999847728e-05,0.0548757920000007,0.07636958300000174
424,8.329199999934644e-05,0.055344333000000745,0.07753124999999983
425,8.287499999681813e-05,0.05583029099999948,0.07712575000000044
426,8.500000000211116e-05,0.05291054199999934,0.07748445900000078
427,8.48339999990344e-05,0.05731754199999983,0.07877454200000145
428,8.470800000281997e-05,0.05722575000000063,0.07835612499999911
429,8.554100000068843e-05,0.05852545800000186,0.07861275000000134
430,8.529200000140236e-05,0.05617770799999988,0.07983820800000174
431,8.949999999785518e-05,0.058158292000001666,0.07934791699999977
432,8.554100000068843e-05,0.057414500000000146,0.07981149999999815
433,8.499999999855845e-05,0.05787950000000208,0.08079033300000305
434,8.645799999840165e-05,0.06013908299999926,0.08061120800000054
435,8.579100000005724e-05,0.05956291700000094,0.08080441599999943
436,8.558400000069355e-05,0.05877354100000076,0.08200991600000052
437,8.708300000037639e-05,0.058540083000000465,0.08155066700000191
438,8.779100000211315e-05,0.06024637499999841,0.08288574999999909
439,8.683300000100758e-05,0.05734479200000209,0.08317629200000098
440,8.670800000132317e-05,0.06277858300000005,0.08279608300000163
441,8.78749999984052e-05,0.061842416000001066,0.08330187500000008
442,8.779199999864318e-05,0.058594499999998106,0.08433849999999765
443,8.762499999903639e-05,0.06303416699999786,0.08382650000000069
444,8.837500000069554e-05,0.06309987499999892,0.0842842079999997
445,8.991699999683078e-05,0.0606321670000014,0.08595575000000011
446,8.945800000148552e-05,0.06220349999999897,0.0853580419999993
447,8.837500000069554e-05,0.06106449999999697,0.08536608300000026
448,8.833300000077315e-05,0.06416199999999961,0.08667933399999939
449,8.929199999840876e-05,0.061664959000001573,0.08618416699999898
450,8.975000000077671e-05,0.06021433399999765,0.08661679200000094
451,8.82919999973808e-05,0.0607217079999991,0.08782687500000108
452,9.054199999880552e-05,0.06389091699999838,0.0874310840000021
453,8.904199999903994e-05,0.061614417000001254,0.08764283400000039
454,8.937499999817078e-05,0.06518470799999676,0.08906450000000277
455,9.166599999943514e-05,0.06355083400000083,0.08846849999999762
456,9.266700000054584e-05,0.06520762499999933,0.08912079199999923
457,8.975000000077671e-05,0.06337491600000078,0.09028424999999984
458,8.816600000116637e-05,0.06521766699999887,0.08980241700000136
459,8.979100000061635e-05,0.06703620900000118,0.09009337499999859
460,9.062500000212026e-05,0.06830725000000015,0.09156441699999718
461,9.104200000109586e-05,0.06495170799999883,0.09105262499999967
462,9.125000000054229e-05,0.06626037499999882,0.09136304200000112
463,9.404200000062701e-05,0.06579625000000178,0.09471870799999849
464,0.0001027080000000069,0.07025108400000235,0.09329437499999926
465,9.383300000109784e-05,0.06915370800000176,0.09250883299999657
466,9.112500000085788e-05,0.06853808400000005,0.09387350000000083
467,9.30829999994387e-05,0.06542825000000008,0.09348029199999885
468,9.333399999889025e-05,0.06902824999999879,0.09382366699999878
469,9.170799999935753e-05,0.0681257500000001,0.0951010839999995
470,9.204099999848836e-05,0.06769795800000011,0.09453970799999922
471,9.491700000197056e-05,0.06979383400000216,0.09531524999999874
472,9.262500000062346e-05,0.07030683300000007,0.09579541600000141
473,9.454199999936463e-05,0.06617762500000168,0.09735908300000062
474,9.520800000117902e-05,0.06845666699999953,0.09668179199999827
475,9.366599999793834e-05,0.07270804199999858,0.0980747500000021
476,9.79590000014241e-05,0.07619437500000004,0.0982684159999998
477,9.649999999794545e-05,0.06936533300000036,0.09782687499999909
478,9.670899999747462e-05,0.06865116699999874,0.10005620900000167
479,9.45409999992819e-05,0.07316025000000081,0.09886033300000108
480,0.00010366600000111248,0.06938295899999858,0.09913841699999892
481,9.708299999999781e-05,0.07147008300000124,0.11824641700000171
482,0.00010749999999859483,0.08025570799999926,0.12920466699999977
483,0.00014937499999945203,0.14312862499999923,0.17824708300000225
484,0.00030379100000033077,0.1321119589999995,0.13446624999999912
485,0.00010174999999890133,0.08988370800000212,0.10306745800000172
486,9.920799999818541e-05,0.07121400000000122,0.10332687500000048
487,0.00010404200000024844,0.07161708299999958,0.10309112500000239
488,9.712499999992019e-05,0.07450662500000149,0.1024399169999981
489,9.80840000011085e-05,0.07783829199999914,0.10289070800000033
490,9.862499999968577e-05,0.072181834000002,0.10607579200000217
491,9.925000000166051e-05,0.07793187499999732,0.10551870799999818
492,9.93749999977922e-05,0.07618891699999963,0.10509000000000057
493,9.93749999977922e-05,0.07508187499999863,0.10592570900000098
494,9.90000000022917e-05,0.07848620800000106,0.10544841699999807
495,9.733299999936662e-05,0.07310754099999883,0.10574233299999847
496,0.00010687499999662009,0.07522491599999981,0.10883474999999976
497,0.00010229100000103131,0.07421725000000023,0.10648204199999967
498,0.00010199999999827014,0.07632204200000103,0.10713762500000001
499,0.00010904100000175276,0.07770620800000216,0.11008216699999807
500,0.00010054200000197966,0.07916208400000002,0.1073596249999973
501,0.00010108299999700421,0.07656704200000064,0.10758245799999955
502,9.870900000308325e-05,0.07982283400000156,0.11081062500000272
503,9.854199999992375e-05,0.0765049590000011,0.10852158400000178
504,9.929200000158289e-05,0.07977287499999619,0.10925570799999917
505,0.00010174999999890133,0.07979775000000444,0.11100037499999615
506,9.966700000063611e-05,0.07816300000000354,0.10986008300000094
507,0.00010012500000300406,0.08196324999999405,0.11037291599999577
508,0.00010004099999605387,0.08006612500000188,0.11305766699999964
509,0.00010429200000316996,0.08165237500000444,0.11227812500000312
510,0.00010250000000411319,0.08031483300000275,0.11156595900000355
511,0.00010045800000568761,0.08015270800000707,0.11522120799999414
512,0.0001026250000037976,0.08475783299999762,0.11394812500000029
513,0.00010279199999985167,0.08282970799999845,0.11259166699999668
514,0.00011058300000144072,0.07817887499999898,0.11601800000000395
515,0.0001025830000003225,0.07944329200000055,0.11369270900000572
516,0.0001025409999968474,0.08440141700000225,0.11407741700000429
517,0.00010224999999763895,0.08219891699999948,0.11647783400000122
518,0.00010583400000285792,0.08574141700000126,0.11601245800000015
519,0.00010495900000506708,0.08498179200000067,0.11563820800000002
520,0.00010312499999542979,0.08910712499999818,0.11754570800000153
521,0.00010479200000190758,0.08465904199999841,0.11773729199999394
522,0.00010666599999353821,0.08020491599999957,0.11760654200000431
523,0.00010137499999984811,0.08608158299999502,0.1193032919999979
524,0.00010408300000364079,0.08350787500000223,0.11747916600000252
525,0.00011191699999812954,0.08661204199999872,0.1190191669999976
526,0.00010645900000127995,0.08492112500000104,0.12055987499999787
527,0.00010420899999985522,0.08539691600000054,0.11891604199999506
528,0.00010254200000048286,0.08617825000000323,0.12125141599999978
529,0.00010829200000017636,0.08349358400000284,0.12105837499999694
530,0.00010441700000285437,0.09073558299999718,0.12126200000000154
531,0.0001049579999943262,0.08743033300000036,0.12086054099999899
532,0.00010295799999937572,0.08628712499999835,0.12280875000000435
533,0.00010720800000285635,0.09023237499999937,0.12380862500000234
534,0.00010950000000065074,0.08978712500000086,0.12233341700000011
535,0.00010545799999306382,0.09019329099999851,0.12483824999999626
536,0.00010712499999954161,0.09147987499999743,0.14591845800000414
537,0.00012091700000382843,0.09990604100000411,0.12362375000000014
538,0.00010820899999686162,0.0887452919999987,0.1278655420000021
539,0.00010833399999654603,0.09175891699999994,0.12497937500000234
540,0.00010625000000175078,0.10014974999999993,0.13477775000000491
541,0.00011404199999986986,0.09338033400000256,0.127667541000001
542,0.00010925000000128193,0.0906240839999981,0.12584554099999679
543,0.00010812499999701686,0.09149979200000047,0.12670483300000512
544,0.00010716699999591128,0.09482704199999858,0.1283308329999997
545,0.0001093340000011267,0.09069054100000074,0.12801375000000093
546,0.00011008299999559767,0.093035583999999,0.12832254099999574
547,0.00010841600000333074,0.09603066700000085,0.12972587499999833
548,0.00010870900000270467,0.09604716600000529,0.13046833299999605
549,0.00011291599999907476,0.09914500000000004,0.12997966700000063
550,0.00011154199999907632,0.0913743750000009,0.1315332090000041
551,0.00010854199999954517,0.09337783400000177,0.13007466599999873
552,0.00011545799999623796,0.0934155830000023,0.13248920800000263
553,0.00011100000000396903,0.10033633300000133,0.1354602080000049
554,0.0001110420000003387,0.09935733300000038,0.13360591699999702
555,0.00011179100000191511,0.09177875000000313,0.13379450000000048
556,0.00011162500000239106,0.09869591700000058,0.13408520899999843
557,0.00011225000000081309,0.0951225420000057,0.13284004100000146
558,0.00011941599999687469,0.09973433300000067,0.136033458
559,0.00011229100000065273,0.09662154099999753,0.1354634579999967
560,0.00011083399999733956,0.10194204100000093,0.13708687499999428
561,0.00011516700000413493,0.09793275000000534,0.13707229199999915
562,0.00011508299999718474,0.10094220799999931,0.13715604100000434
563,0.00010866699999922957,0.10116583299999604,0.13706099999999566
564,0.00011279199999592038,0.10056866600000092,0.13635775000000194
565,0.00011070800000112513,0.10149983299999832,0.13971708300000074
566,0.00011154199999907632,0.1015884999999983,0.1381099999999975
567,0.00011354200000113224,0.10224995900000522,0.1389692079999989
568,0.00011433299999907831,0.09946366700000198,0.14079575000000233
569,0.00011299999999891952,0.10208391700000163,0.13964749999999526
570,0.00011179100000191511,0.10151500000000624,0.14270804200000242
571,0.00011762499999434795,0.09988041599999775,0.14275870800000234
572,0.0001149169999976607,0.10317008300000197,0.14077104199999724
573,0.00011054200000160108,0.10681337500000154,0.143685167000001
574,0.00012037500000161572,0.10463854200000355,0.14374720900000426
575,0.00013433399999485118,0.10337654100000293,0.14291366699999486
576,0.00012512500000383397,0.10364849999999848,0.14557837499999948
577,0.00011362499999734155,0.10512149999999565,0.14737333299999733
578,0.00011566699999576713,0.10432695800000147,0.14465683400000273
579,0.00011829099999971504,0.10780975000000126,0.14470520799999775
580,0.00011675000000366254,0.10527858300000048,0.14994425000000433
581,0.00011704100000287099,0.10531387500000022,0.14763545800000344
582,0.00011429100000270864,0.10909125000000586,0.14608191599999998
583,0.0001173330000057149,0.10600658299999566,0.14961449999999843
584,0.00011754100000160861,0.11048166700000195,0.14724804199999397
585,0.00011612499999813508,0.1067519579999967,0.14811104099999994
586,0.00011508299999718474,0.11218175000000485,0.15001987500000524
587,0.00012258300000667077,0.10800154199999668,0.14846825000000052
588,0.00011775000000113778,0.10722287499999794,0.15154754199999587
589,0.00011554200000318815,0.10584970800000093,0.15139970799999958
590,0.00011570799999560677,0.1081460409999977,0.14989695799999936
591,0.00011887499999829743,0.10491712500000006,0.15302720799999747
592,0.00012458399999815128,0.11161170799999809,0.1528400840000046
593,0.00011499999999387,0.11057179200000178,0.151263500000006
594,0.00011704199999940101,0.10877633300000156,0.15437129200000044
595,0.0001224999999962506,0.11238779199999982,0.15699549999999363
596,0.0001225840000032008,0.11351870899999739,0.15550779200000164
597,0.00011979199999956336,0.10608037499999767,0.15298658300000056
598,0.00011791600000066182,0.11464050000000015,0.15453916599999928
599,0.00011887499999829743,0.11425208400000031,0.1566872499999974
600,0.00011816600000003064,0.11630895899999416,0.15599616700000496
601,0.00012158399999862013,0.12329895799999946,0.16703062500000243
602,0.00012916600000068001,0.11051612499999663,0.15638937500000338
603,0.00011862499999892862,0.11957854100000276,0.15960216700000274
604,0.0001212909999992462,0.11916004199999719,0.1599347499999979
605,0.00012662500000004684,0.1159296249999997,0.16119524999999868
606,0.0001255829999990965,0.11559087500000231,0.15855987500000168
607,0.00012033299999814062,0.117023875000001,0.16316995799999745
608,0.00011933300000066538,0.11761075000000432,0.16365466700000297
609,0.00012479200000115043,0.11823087500000184,0.16258499999999998
610,0.00012512499999672855,0.11526662500000384,0.16573499999999797
611,0.00012966699999594766,0.11853608300000218,0.16825008299999666
612,0.00013016600000526068,0.1228000420000015,0.16156491600000322
613,0.0001240829999957782,0.11374925000000502,0.1645424160000033
614,0.0001237500000002001,0.12030112500000456,0.16308762500000284
615,0.00012137499999909096,0.1136499999999998,0.16320779200000146
616,0.0001198750000028781,0.12036850000000499,0.1673868329999948
617,0.00012441699999499178,0.11621054199999747,0.16421741699999615
618,0.00012499999999704414,0.12138949999999937,0.16553824999999733
619,0.00012245799999988094,0.12236637499999858,0.17040695899999747
620,0.00012325000000146247,0.12073362499999973,0.16666250000000105
621,0.00012520800000004328,0.12104454199999992,0.16647808400000486
622,0.00012704199999546972,0.12081066599999701,0.16947050000000274
623,0.00012712499999878446,0.12555641700000564,0.16698945899999984
624,0.00012241599999640584,0.1216186669999999,0.17079720899999984
625,0.00012783300000052122,0.12466508300000356,0.17325354100000112
626,0.000125750000002256,0.12490866600000317,0.17041291700000016
627,0.00012699999999910005,0.12458883300000423,0.17239441699999958
628,0.00012629200000446872,0.12477979200000533,0.17328245899999928
629,0.00012941699999657885,0.14351595899999836,0.18083762500000233
630,0.00013504200000369337,0.12550441700000192,0.17371504199999777
631,0.00012433399999878247,0.12220104099999674,0.17789204200000341
632,0.00012783400000415668,0.12495554200000214,0.17583400000000182
633,0.0001277499999972065,0.13007941699999748,0.1751209999999972
634,0.00013083400000368783,0.12295704100000648,0.17766612500000178
635,0.00012774999999010106,0.13286612500000672,0.1768983329999969
636,0.00012604199999088905,0.12118504100000393,0.1757501669999897
637,0.00013133299999879,0.13207979199999897,0.18029779200000462
638,0.00013133400000242546,0.1270554590000046,0.17989870799999608
639,0.00012787500000399632,0.13414033300000483,0.1778384170000038
640,0.00012654200000383753,0.12909983299999794,0.18240816599998766
641,0.0001320840000005319,0.13170224999998936,0.18099491600000306
642,0.0001316659999872627,0.1293905419999959,0.1803942500000062
643,0.00012812500000336513,0.12960654200000477,0.18296308299998998
644,0.000124666000004936,0.13381750000000636,0.18192987499999447
645,0.00013270799999531846,0.13060108300000195,0.18127366599999561
646,0.0001330000000052678,0.13693033299999513,0.18602704100000267
647,0.0001364160000036918,0.1333484580000004,0.18145304099999748
648,0.00012766599999736172,0.1332387090000111,0.18425987499999508
649,0.00013099999999610645,0.13580237499999726,0.1868724579999963
650,0.00013341599999705522,0.13238429100000815,0.18541829199999427
651,0.00013104200000668698,0.1476761670000002,0.19379675000000418
652,0.0001294999999998936,0.14041454200000203,0.18924508300000298
653,0.00013200000000779255,0.13710724999999968,0.1856161249999957
654,0.00013541699999564116,0.1307018339999928,0.187991334000003
655,0.0001321249999932661,0.1385893340000024,0.18968129200000305
656,0.00012925000000052478,0.13710229200000867,0.1885750409999929
657,0.0001354999999989559,0.13229779099999917,0.18900233299999059
658,0.00013500000000021828,0.13541654199998732,0.19327162499999417
659,0.00013333399999737594,0.1407896250000107,0.18859000000000492
660,0.00013262500000621458,0.1371444170000018,0.19104904200000306
661,0.0001368329999991147,0.14161550000000034,0.19085212500000637
662,0.00013991700001270146,0.13920687499999929,0.1946146669999962
663,0.0001331250000049522,0.13476574999999968,0.19271087499998885
664,0.00013295800000889813,0.13448775000000524,0.1961850419999962
665,0.0001374170000048025,0.13556645799999956,0.19312179200001367
666,0.00013674999999579995,0.13953462499999603,0.19394287500000473
667,0.00013462500000116506,0.14003550000001042,0.1976271249999968
668,0.00013475000000084947,0.1432134159999947,0.1960937919999992
669,0.00013583300000163945,0.14164279199999896,0.19685254099999838
670,0.00013733400000148777,0.1422236669999961,0.19933125000000018
671,0.00013579199999469438,0.13669687499999839,0.19504425000000936
672,0.00013508300000353302,0.14607195799999317,0.19913524999999765
673,0.00014025000000117416,0.14459804200001258,0.20255204199999355
674,0.0001357499999983247,0.14481662500000425,0.19868087500000797
675,0.0001360410000046386,0.1444135839999916,0.19993508299999974
676,0.0001360419999940632,0.1456215000000043,0.20453637499998933
677,0.00014083400000686197,0.14453583300000616,0.20031495799999277
678,0.00014279100000180733,0.14811237499999663,0.20116804200000615
679,0.0001368329999991147,0.14760804200000166,0.20562487499999804
680,0.00013874999999075044,0.1390620829999989,0.2011490000000009
681,0.00014062500000022737,0.1475262090000058,0.20310370800000044
682,0.0001405420000111235,0.1499972919999948,0.206546000000003
683,0.0001396660000096972,0.15321362499999225,0.20409487499999557
684,0.00013754199999027605,0.14770479199999897,0.20399891700000694
685,0.00014133399999138874,0.15191458399999647,0.208048749999989
686,0.00014083299998901566,0.1550485830000099,0.2059470829999981
687,0.00013829200000259334,0.1450867909999971,0.2063563749999986
688,0.00013825000000622367,0.1508742500000011,0.21056762499999593
689,0.0001422919999924943,0.14754441700000598,0.20854587500001287
690,0.00013995799999122482,0.1461102909999994,0.209397709000001
691,0.0001392079999931184,0.1593289169999963,0.2121420409999928
692,0.000139416999999753,0.1537610419999993,0.21087362499999074
693,0.00014258400000244364,0.1565070420000012,0.21147491700000387
694,0.0001422919999924943,0.1530423749999983,0.22657750000000476
695,0.00013962500000275213,0.1574386249999975,0.21236520799999425
696,0.00014000000000180535,0.15223154199999556,0.2121955830000104
697,0.0001410420000098611,0.15634400000000426,0.21766345799998987
698,0.00014441700000134006,0.15314654099999814,0.21321704100000716
699,0.00014062500000022737,0.15338270899999884,0.21841758299999015
700,0.00015133399999456287,0.15371395900000095,0.21884283300001073
701,0.0001425000000097043,0.1532107499999995,0.21669670799998642
702,0.00014583300000481358,0.15922779199999582,0.2278875840000012
703,0.00014770900000371512,0.15961949999999092,0.2203948330000003
704,0.0001422919999924943,0.15495191700000532,0.21689337499999795
705,0.0001451669999994465,0.1520929999999936,0.21842045900000073
706,0.0001425829999988082,0.16134950000000003,0.22302970900000219
707,0.00014570900000876463,0.15223054199999808,0.21961670800000377
708,0.00014620900000750225,0.15990695799999344,0.22079987499999731
709,0.00014279100000180733,0.16045341599999574,0.22448849999999254
710,0.00014233299999943938,0.16507320799999547,0.22231654100001208
711,0.00015037499998982184,0.16277945800000282,0.22175716600000328
712,0.00014754200000766104,0.15787679099999252,0.2267159589999892
713,0.00014350000000717955,0.16579945799999507,0.22257908400000304
714,0.00014333399998633922,0.16123254200000758,0.2243986250000063
715,0.00016216699999915818,0.15622258400000533,0.22967620800000077
716,0.00014670800000260442,0.1652557919999964,0.22606504200000188
717,0.0001491249999929778,0.16201645799999653,0.22535075000000404
718,0.00014441700000134006,0.16202141600000175,0.23082437499999742
719,0.00014795799999944848,0.1741042079999886,0.22765325000000303
720,0.00014729200000829223,0.16153529099999275,0.22875837499999818
721,0.00014483399999676294,0.16528254199999992,0.23350200000000143
722,0.00014533300000607596,0.16503579199999763,0.22963558300000386
723,0.00014904199998966305,0.1684595420000079,0.23033637499999315
724,0.00014529200001334175,0.16178712499998937,0.23130787499999883
725,0.00014745899999013545,0.16743420799998887,0.2356881249999958
726,0.00015016700000103356,0.16555566699999247,0.23223758399998928
727,0.00014595799999028714,0.16675841600000751,0.23518579199999579
728,0.00014683399999171343,0.16935566700000493,0.2327680830000105
729,0.00014945900001350765,0.16613024999999482,0.23418250000000285
730,0.00015054200000008677,0.16810350000000085,0.23834287500000073
731,0.00014649999999960528,0.17064625000000433,0.23498629199998788
732,0.0001482500000093978,0.16818025000000603,0.23532508300000643
733,0.00015133399999456287,0.17871833299999196,0.24268733299999212
734,0.00015070800000671625,0.17060591700000316,0.23727812500000312
735,0.00014887499999360898,0.17594929199999854,0.23826058299999886
736,0.00014833400000213715,0.17446404200001098,0.24201216599999498
737,0.00015175000000056116,0.17277316700000256,0.24596129199998984
738,0.00015233300000261352,0.17488483299999302,0.23950454199999172
739,0.0001484579999981861,0.1788414999999901,0.2452356250000065
740,0.00015191699999661523,0.17378179099999613,0.24101137500001357
741,0.00015266700000893252,0.17196120799999903,0.24175154199998872
742,0.00015374999999551164,0.17724783399999922,0.24602529199999879
743,0.00014970799999503015,0.1798746249999965,0.24250966599998947
744,0.0001493330000101878,0.1757708330000014,0.24276191699999572
745,0.00015641599999582922,0.17270200000000102,0.2471417080000009
746,0.00015395799999851079,0.18051287500000512,0.24423704199999463
747,0.0001876660000021957,0.17659762499999943,0.2457600829999933
748,0.00014729100000465678,0.17498354100000313,0.2494138750000019
749,0.00015483399999993708,0.18115308400000174,0.24678350000000648
750,0.00015579200000104265,0.17596070800000518,0.24772320799999648
751,0.00015041700000040237,0.18694966700000748,0.25123029199998825
752,0.00015150000000119235,0.17622950000000515,0.24781287500000815
753,0.00015845800000136023,0.17973270799998886,0.24797887500000115
754,0.00015529099999866958,0.18105400000000316,0.25395854200000656
755,0.00015212499999961437,0.18444133399999885,0.24972195799999497
756,0.00015304199999377488,0.1891629160000008,0.2504004169999945
757,0.00015395899998793539,0.18793958399999156,0.2552795000000003
758,0.00015762499999993906,0.18281679099999337,0.25151137500000686
759,0.0001529999999974052,0.18437191599998926,0.2521979999999928
760,0.0001530840000043554,0.18476370899999495,0.25674874999999986
761,0.00015704099999425125,0.184537834000011,0.2531474169999939
762,0.00015762499999993906,0.17937099999998907,0.25459383300000127
763,0.00015395799999851079,0.18358524999999304,0.2593028339999961
764,0.00015337499999645843,0.18405079099999,0.2560590410000003
765,0.00015741599999330447,0.18325554199999772,0.2561209590000004
766,0.00015933299999915107,0.19004904199999828,0.2622275000000087
767,0.00015516700000262063,0.19346062500000016,0.2653875000000028
768,0.00015550000000530417,0.20032791700000985,0.2586168750000013
769,0.00015908299999978226,0.1880951250000038,0.26347395800000584
770,0.000159500000009416,0.18753166599999815,0.26036612500000444
771,0.0001555409999980384,0.19055954100001316,0.260009249999996
772,0.0001560000000040418,0.1954752500000012,0.26553945899999576
773,0.00015933400000278652,0.19179062499999588,0.26192858299999955
774,0.0001599579999975731,0.19157320900001196,0.2626544580000001
775,0.00015395799999851079,0.18913654199999996,0.2678233750000061
776,0.00015924999999583633,0.1867266249999915,0.264015833000002
777,0.00015774999999962347,0.1889189999999985,0.26462658299999475
778,0.00016104200000199853,0.18335575000000404,0.2692194579999949
779,0.00015620799999283008,0.1949495830000103,0.26591608299999336
780,0.0001570419999978867,0.1935661250000038,0.2666540000000026
781,0.0001609589999986838,0.19463387499999385,0.27124354100000403
782,0.00016158299999347037,0.1888838749999877,0.2678962920000032
783,0.00015754099999298887,0.19887241600000038,0.26939533399999505
784,0.0001584999999977299,0.19532183300000838,0.2746640840000083
785,0.00016374999999868578,0.19693720800000847,0.2728203750000091
786,0.00015879199999346838,0.2008484999999922,0.27371170799999334
787,0.00015895800000009785,0.20219595799999013,0.351145915999993
788,0.00017304200000012315,0.20275787499998899,0.27769512499999394
789,0.00016295800000420968,0.19700158300000226,0.2736242089999905
790,0.00016295799998999883,0.1922358749999944,0.2791310000000067
791,0.00016012500000783803,0.19364808299999936,0.27475254200000165
792,0.00015887499999678312,0.19565245799999786,0.2756067910000013
793,0.00016416700000831952,0.20042791599999532,0.2819074589999957
794,0.00016779099999553182,0.2044731249999927,0.2769244169999894
795,0.00015999999999394277,0.19922791700000175,0.27761991699999555
796,0.00016025000000752243,0.20323991699999056,0.28274545800000794
797,0.00016454099998952643,0.19426645900000494,0.27842341699999906
798,0.00016516700000579476,0.20044291599998587,0.27963804199998776
799,0.00016158400001131668,0.20146925000000238,0.2918870839999954
800,0.0001609580000092592,0.20724737500000856,0.28039062499999545
801,0.00016629099999931896,0.20321358399999667,0.28187820799999486
802,0.0001661250000211112,0.20833250000001158,0.28704937499998096
803,0.00015929099998857055,0.19629899999998202,0.28279683400000977
804,0.00016229199999884258,0.2108015000000023,0.2834897500000011
805,0.0001659579999966354,0.2061274170000047,0.2900205410000183
806,0.00016712499999016472,0.20710987499998623,0.28529179200000954
807,0.00016225000001668377,0.20552691700001446,0.28518816600001173
808,0.00016291599999362916,0.20767983299998605,0.291225790999988
809,0.0001675000000034288,0.20416062499998588,0.28675095799999895
810,0.00016737499998953353,0.2100485830000025,0.28761991600001124
811,0.00016041699998936565,0.21161633299999494,0.29310716699998807
812,0.00016441699997926662,0.2110360000000071,0.28909287499999436
813,0.00016829099999426944,0.21260958399997776,0.28994599999998627
814,0.00016825000000153523,0.21309075000002053,0.29550504200000205
815,0.00016350000001352782,0.21416474999998059,0.2909492080000007
816,0.00016537500002300476,0.21149754199998938,0.2920790839999938
817,0.00016716700000074525,0.21457737500000462,0.2974884580000037
818,0.0001697919999799069,0.207649124999989,0.29342970900000864
819,0.00016379099997720914,0.21104858299997886,0.2938607090000005
820,0.00016433399997595188,0.2181399160000126,0.29972324999999955
821,0.00016899999999964166,0.2136542499999905,0.29597312499998907
822,0.00017049999999585452,0.22013279200001534,0.2964133329999754
823,0.00016520800002695069,0.2157969170000058,0.3016635410000106
824,0.00016554200001905883,0.21882454200002144,0.297924375000008
825,0.0001704160000031152,0.21767929099999606,0.29844233399998643
826,0.00017108299999790688,0.21973775000000728,0.3045324169999901
827,0.0001672909999967942,0.21356783400000268,0.29979000000000156
828,0.00017624999998133717,0.22057512500001053,0.3019834170000024
829,0.00017391600002270025,0.22694679199997836,0.3069156669999984
830,0.00017195899999933317,0.22394654100000366,0.3023025839999889
831,0.00016687499999079591,0.2260225840000203,0.3029303749999883
832,0.0001670839999974305,0.22391787500001215,0.3286397500000078
833,0.00017116600000122162,0.22045162499998128,0.30667591700000685
834,0.00017137500000785622,0.2357855840000127,0.3097613750000221
835,0.00017708400000060465,0.22341387500000565,0.3124391249999974
836,0.00016879199998243166,0.22110279199998217,0.3064652080000201
837,0.0001727079999795933,0.22057529099998874,0.3077841669999941
838,0.0001731669999855967,0.226170250000024,0.3141187500000058
839,0.0001688749999857464,0.2239728750000154,0.3084694160000083
840,0.00016920800001685166,0.2156703330000198,0.30931366699999785
841,0.00017508400000565416,0.21102575000000456,0.3172075829999983
842,0.00017295899999680842,0.2250615410000023,0.3113524160000054
843,0.00016745800002126998,0.2268983339999977,0.31200016599999003
844,0.00017062500000974978,0.22894804200001317,0.3179609160000041
845,0.0001729159999968033,0.22553745900000877,0.3132180420000168
846,0.0001742500000148084,0.22533545800001775,0.3137567919999924
847,0.00017054200000643505,0.22505204099999787,0.3198914999999829
848,0.00017116700001906793,0.22811958300002289,0.31535175000001914
849,0.0001756659999898602,0.22894566700000496,0.3168606250000039
850,0.00017499999998449312,0.2323959579999837,0.318444999999997
851,0.0001731250000034379,0.2355791249999868,0.3228397910000069
852,0.00017166699998938384,0.22689479100000653,0.3190574580000032
853,0.00017583299998591428,0.23098104200002467,0.32445133299998474
854,0.0001752080000017031,0.2350035000000048,0.3204349579999928
855,0.0001724580000086462,0.23431120800000826,0.32056895800002394
856,0.0001719999999920674,0.23137937500001726,0.34644775000001005
857,0.00017770799999539122,0.23083187499997848,0.32174295900000516
858,0.0001767919999906553,0.23026154199999382,0.3235272910000049
859,0.00017308299999285737,0.23775008299998035,0.3299014579999948
860,0.00017279200000075434,0.23848300000000222,0.3243567920000032
861,0.00017912499998828935,0.2339264579999849,0.3253651249999905
862,0.00017850000000407817,0.23447645799998895,0.33171899999999255
863,0.00017329199999949196,0.2387567499999932,0.32663962500001276
864,0.00017408400000817892,0.22994416700001352,0.3275644169999907
865,0.00017829099999744358,0.24458904100001178,0.3340985830000136
866,0.00017958300000486815,0.23922691699999632,0.3291387080000163
867,0.00017462499999965075,0.24058420800000135,0.3294480420000241
868,0.00017537499999775719,0.24155208299998776,0.3366907079999919
869,0.00017962500001544868,0.24693212500000072,0.33089924999998743
870,0.00018004100002144696,0.23494124999999144,0.3323797079999906
871,0.00017545899999049652,0.2403263749999951,0.3393440410000039
872,0.0001767919999906553,0.24135041600001728,0.3347308749999911
873,0.00018008399999303037,0.24651558300001852,0.33435795799999823
874,0.0001826249999794527,0.24301199999999312,0.34126162499998713
875,0.00017754099999933715,0.25004558400001997,0.3364138750000052
876,0.00017758399999934227,0.2465047499999855,0.336807250000021
877,0.0001814999999965039,0.23960533400000372,0.3433602080000071
878,0.0001814590000037697,0.24483625000002007,0.33814770799997973
879,0.00017670799999791598,0.25126087500001404,0.33912300000000073
880,0.00017658400000186703,0.2498387500000092,0.34620424999999955
881,0.00018229200000519086,0.24614579199999298,0.34069370900002127
882,0.0001824160000012398,0.24821412500000406,0.34963520800002357
883,0.00018254099998671336,0.26091312500000186,0.3487821250000138
884,0.00018208400001640257,0.25507587500001705,0.34286041699999714
885,0.00017895800002065698,0.25655854100000397,0.3434766250000223
886,0.0001754170000083377,0.25949258299999656,0.3507807090000199
887,0.00018358299999476912,0.2584093749999852,0.34518229200000405
888,0.00018708300001435418,0.2615569159999893,0.34581329200000255
889,0.00017841700000076344,0.25762650000001486,0.35261954199998513
890,0.00017862499998955172,0.2504363749999925,0.34822099999999523
891,0.0001828329999966627,0.2626025419999962,0.3488559999999836
892,0.00018383299999413794,0.2538143750000188,0.3564287499999921
893,0.0001796669999976075,0.2623733750000099,0.3493968329999859
894,0.00018095800001560747,0.2530320000000188,0.35060774999999467
895,0.00018504199999824777,0.2633541669999886,0.3579340830000035
896,0.00018612499999903775,0.25927695799998673,0.3523278749999861
897,0.00018008300000360578,0.24774908399999163,0.3527318750000177
898,0.00017983300000423696,0.2515546669999935,0.38573920799998973
899,0.00019920899998737696,0.266031957999985,0.3541757920000066
900,0.0001848750000021937,0.25863904199999865,0.3555453750000197
901,0.00018066699999508273,0.2575732500000072,0.5275242920000096
902,0.0002498329999980342,0.27183041600000024,0.35690612499999474
903,0.00018887499999209467,0.2663457089999781,0.3591466670000045
904,0.0001871659999892472,0.2607030419999887,0.36539112500000215
905,0.00018116699999382035,0.26282333300000005,0.3615741250000042
906,0.0004137080000248261,0.2626999170000204,0.36030662499999266
907,0.00019179199998120566,0.27213445799998226,0.367987458999977
908,0.00018841700000393757,0.2577676250000138,0.3615264590000038
909,0.00017995900000755682,0.2676551660000257,0.3626277080000193
910,0.00018295800001055795,0.26464945800000805,0.37032629200001566
911,0.0001887090000138869,0.27444883399999753,0.364093749999995
912,0.00018808400000125403,0.26717449999998166,0.3669580830000143
913,0.0001839589999974578,0.2751102910000043,0.3668914579999978
914,0.00018154199997866272,0.26794062499999427,0.3737774159999958
915,0.0001842089999968266,0.2728094590000012,0.36800787500001775
916,0.00018541700001151185,0.26903804100001594,0.37494662500000686
917,0.0001900409999961994,0.27539512500001706,0.36913741600000094
918,0.0001893749999908323,0.2722700000000202,0.36964820799997256
919,0.0001848750000021937,0.2762282090000099,0.37719341700000086
920,0.00018637499999840657,0.26719608300001596,0.37264099999998734
921,0.00019333299999857445,0.2693774999999903,0.37229162500000257
922,0.00019112500001483568,0.2705872500000055,0.37959866700001044
923,0.00018654100000503604,0.2734604999999988,0.37419079199997896
924,0.00018637499999840657,0.27704070799998703,0.37517895799999224
925,0.00019241699999383854,0.27069837499999494,0.38207245800001033
926,0.00019158300000299278,0.2709010840000019,0.37643137499998147
927,0.00018725000001040826,0.2806132499999876,0.3768584160000046
928,0.0001855829999897196,0.273253708999988,0.3856142079999927
929,0.000192292000008365,0.2892839999999808,0.37894087500001206
930,0.00019262500001104854,0.28477520900000286,0.380700499999989
931,0.00019241699999383854,0.2711724170000025,0.3919659580000143
932,0.00020054199998753575,0.2849128750000034,0.392224624999983
933,0.00019374999999399733,0.28082637500000374,0.3908192920000033
934,0.00019937500002242814,0.2765565420000087,0.3902706249999994
935,0.00018750000000977707,0.2745186670000237,0.3836388749999742
936,0.0001884590000145181,0.27769020799999566,0.38668249999997784
937,0.0001936669999906826,0.27764979100001597,0.3918838750000191
938,0.00019570900002463532,0.28637383299999897,0.38637800000000766
939,0.00018966600001135703,0.2806007080000086,0.38761124999999197
940,0.000189375000019254,0.2793546249999963,0.39478033299999993
941,0.0001954580000074202,0.27347279200000685,0.38904304100000786
942,0.0001963750000015807,0.28732429100000445,0.38970679199999836
943,0.00019020800002067517,0.28079862499998853,0.3991357090000065
944,0.00019574999998894782,0.2856648339999879,0.39168420800001513
945,0.00019537500000410546,0.29330779200000734,0.39229658400000744
946,0.00019604199999889715,0.27835395799999674,0.39978816600000755
947,0.00019091600000820108,0.28343129200001727,0.39402187499999286
948,0.0002013339999962227,0.39597308400001907,0.39490054200001623
949,0.00020820899999307585,0.2838260000000048,0.40210183300001745
950,0.00019595800000615782,0.29241799999999785,0.39659441599999923
951,0.00019270900000378788,0.2917900409999845,0.39711987499998713
952,0.00019129200001088975,0.2964212919999909,0.4068427079999992
953,0.0001977080000017395,0.2949213329999907,0.3990942089999976
954,0.00019958299998279472,0.2929169159999958,0.39970508400000426
955,0.00019224999999778447,0.2978708329999904,0.4078611249999824
956,0.0001925420000077338,0.29725191699998277,0.40133916700000327
957,0.0001983749999965312,0.2990898340000001,0.4022829580000007
958,0.00019354200000520905,0.294265208000013,0.41043220899999255
959,0.0001963750000015807,0.30566824999999653,0.40439454199997726
960,0.00020008399999937865,0.30032770799999753,0.40484295800001746
961,0.0001995000000079017,0.2978634159999842,0.4126309170000013
962,0.00019404199997552496,0.3091438339999968,0.4062108749999993
963,0.00019379200000457786,0.2981162080000104,0.40671416699998986
964,0.00019916700000521814,0.30081804100001364,0.4166676250000023
965,0.00020079099999747996,0.3015237500000012,0.4087019170000019
966,0.00019370900000126312,0.3027801249999982,0.410488665999992
967,0.00019304099998862512,0.30219670799999676,0.41767904200000316
968,0.000200667000001431,0.30244379100000174,0.41126970799999185
969,0.0002002499999775864,0.30011420799999655,0.412164875000002
970,0.0001943329999960497,0.2985064579999914,0.42179487499998913
971,0.00019562499997505256,0.29493608299998186,0.41436954100001344
972,0.000200667000001431,0.3112660829999925,0.41487954200002264
973,0.00020295800001690623,0.305390167000013,0.42336795800000004
974,0.0001961250000022119,0.3081128329999956,0.4170190830000138
975,0.00019470799998089205,0.3002374170000053,0.4219809170000133
976,0.00020624999999085958,0.3086877080000079,0.41966087500000526
977,0.0001997500000072705,0.2928783749999866,0.42611779200001365
978,0.00020191700002669677,0.3068359170000008,0.4205131250000136
979,0.00019687500000031832,0.3016085829999895,0.42868883400001323
980,0.00019712499999968713,0.31504279200001406,0.42237824999997997
981,0.00020479199997680553,0.30971829200001366,0.42261870799998746
982,0.00020366699999385673,0.3126058750000027,0.43119570799998996
983,0.0002006660000120064,0.3158924999999897,0.4237268340000071
984,0.00019812499999716238,0.30947979199999054,0.4252865830000019
985,0.00020399999999654028,0.315137749999991,0.43532912500000975
986,0.0002045000000236996,0.32002354200000127,0.42868095800000106
987,0.00019900000000916407,0.3165699170000096,0.430945582999982
988,0.0001988749999952688,0.3216103329999953,0.5136552079999888
989,0.00022149999998077874,0.31163579200000413,0.43044045799999253
990,0.0002062500000192813,0.30949591600000304,0.4321672089999993
991,0.0001990829999840571,0.3123274579999986,0.4407640830000048
992,0.00020233300000427334,0.3297665000000052,0.4342336670000009
993,0.00021970800000303825,0.3187540410000054,0.43548475000000053
994,0.0002058339999848613,0.3192965830000105,0.44250258299999246
995,0.00020062499999085048,0.31639291599998387,0.4368631669999843
996,0.00020162499998832573,0.3184899580000149,0.4350876670000048
997,0.00020750000001612534,0.3119750839999824,0.4448244999999815
998,0.00020708300002070246,0.3209826659999919,0.43803995900000814
999,0.0002002499999775864,0.32139345799998864,0.43837920900000427
